,Eg (eV),Comp
0,0.35,Hg0.7Cd0.3Te
1,3.08,CuBr
2,1.3,LuP
3,0.4,Cu3SbSe4
4,3.44,ZnO
5,0.08,PtSb2
6,2.68,ZnIn2S4
7,2.26,K2Cd3Te4
8,2.46,K4Sn3Ce3S14
9,1.8,Pb6B2CrO12
10,0.22,InSb
11,8.0,Sr2Be2B2O7
12,2.82,K2CuNbS4
13,1.02,PrTe2
14,1.46,BAs
15,2.18,Ba4Ga4GeSe12
17,0.07,HgSe
18,0.47,AgIn5Te8
19,2.07,Rb7Th2P6Se21
20,1.37,TlS
21,2.5,CdS
22,3.1,Al2Se3
23,0.68,In2GeTe3
24,1.5,BiSeBr
25,2.1,GaAs0.4P0.6
26,2.63,K2AuPS4
27,4.77,CsH3Se2O6
28,5.76,CsB3GeO7
29,0.3,Pb0.97Sn0.03Te
30,0.55,PtAs2
31,3.1,SnGa4S7
32,5.1,Si3N4
33,1.2,Gd1.05Sc0.95Se3
34,2.31,Cs2ZnGe3Se8
35,3.41,CeO2
36,2.21,KAgAsS2
37,0.8,Mn11Si19
38,3.73,SrTe
39,0.21,Pb0.97Se0.97Sn0.03Se0.03
40,3.14,LaCuOS
41,1.67,AlSb
42,2.2,Tl2AuPS4
43,2.96,Cs3Sn3F2Cl7
44,1.0,Cs1.13Cd1.13Bi2.87Se6
45,3.02,AgI
47,1.83,Hg0.1Zn0.9Te
48,0.5,TlBiTe3
49,3.24,CuCl
50,0.06,Pb0.92Sn0.08Se
51,1.75,CdSe
52,0.75,Cu3SbS4
53,1.46,GaAs
54,1.76,As2Te3
55,3.68,SrB6
56,3.25,GaN
57,0.24,Cd3As2
58,2.9,WO3
59,1.3,EuYb2Se4
60,0.25,Bi2Te2.4Se0.6
61,1.0,Ge0.3Si0.7
62,4.17,CuN3
63,1.05,CdP4
64,4.4,MnI2
66,1.18,TmAs
68,1.93,Ga0.3As0.3Zn0.7Se0.7
69,3.8,Cd4GdB3O10
70,0.54,Cd3P2
71,1.03,SmAs
72,2.1,RbSbS2
73,3.38,Na5GdMo4O16
74,2.96,Sr2V2Se3O15
75,1.41,UP2S7
77,2.8,TaON
78,7.65,RbBr
79,0.4,PdSe2
80,4.09,Ba3EuP3O12
82,1.66,SbSeI
83,0.7,KBiSe2
84,0.21,Bi0.4Te3Sb1.6
85,1.95,Na2TeSe3
86,0.69,Tl2Te3
87,2.34,Al0.74Gd3Si0.7S7
88,2.12,CsTbZnTe3
89,2.64,BaB6
90,2.6,La5In3S9O3
91,3.02,PbN6
93,6.97,CaO
94,2.4,Na2S
95,2.3,Rb2Cd3Te4
98,1.2,SnSe
99,1.53,Rb2BaNb2Se11
100,1.72,TaZrN3
101,3.87,Ba3In2P4O16
102,1.58,In0.2P0.2Ga0.8As0.8
103,3.88,RbTa3Te2O12
104,1.8,GaTe
106,1.43,Ag2SnS3
108,1.15,Ba2GaErTe5
109,4.69,Na3MoO4Cl
110,2.5,K2Hg3Sn2S8
111,0.57,CdSb
112,1.22,GeSe
113,2.85,HfS3
114,0.65,Ga0.9Sb0.9Hg0.1Te0.1
115,1.8,InSb2S4Cl
116,2.59,GaS
117,0.8,PtS
118,0.9,AgS
119,2.44,Cs2P2Se8
120,2.06,Y4GaSbS9
121,2.3,Zn0.55S0.55Ga0.45P0.45
122,2.7,Zn0.95S0.95Ga0.05P0.05
123,0.32,Mg2Sn
124,0.7,Ga1.002Sb0.998Te0.006
125,10.0,CsF
126,1.14,KSbSe2
127,1.98,Ag3AsSe3
128,1.84,As2Se3
129,3.13,LiGaSe2
130,1.4,NbSe2
131,1.5,Rb2CsSb
132,2.0,OsS2
133,1.8,GeS
134,0.8,RuAs2
135,0.35,InSb0.99As0.01
136,0.67,Ga1.1Sb0.9Se0.3
137,2.96,Sm2S3
138,2.0,SiP
139,1.27,YbB66
140,0.08,Pb0.9Sn0.1Se
141,1.3,TlTiPS5
142,1.6,CsYbMnSe3
143,2.2,K10Fe4Sn4S17
144,0.4,Pb0.95Te0.95Ge0.05S0.05
145,3.58,BaSe
146,2.2,K4In4P6Se20
147,0.28,Pb0.94Sn0.06Te
148,0.2,Bi2Te0.45Se2.55
149,3.52,KNb3Te2O12
150,2.17,Cd4P2I3
151,0.9,Cr2S3
152,1.32,InSe
153,3.7,Sr0.5TaO3
154,2.44,Tb4GaSbS9
155,1.1,Na3Sb
156,3.3,B12P2
157,0.69,Dy2Te3
158,1.0,TiTlS2
159,1.25,Bi2S3
160,1.08,Ba2GaYTe5
161,0.31,Pb0.99Se0.99Sn0.01Se0.01
162,2.05,Tl2InGaSe4
163,2.61,NaLaS3
164,4.89,CsGe5BO12
165,0.6,Tl2.35Sb8.65Se14
166,1.03,SnS0.8Se0.2
167,2.03,Hg3PS4
168,2.95,Zn2In2S5
169,1.07,Cs2ZnGe3Te8
170,0.98,EuSb4S7
171,0.17,PbSe
172,2.0,Na0.75Eu1.625GeSe4
173,2.36,PbI2
174,2.23,ZnHg3Se2Cl4
175,3.63,EuBiW2O9
176,0.8,CsSb
177,2.37,Hg2I2
178,2.34,Rb3CdB5O10
179,0.8,Hg0.5Cd0.5Se
180,1.44,TlInSe2
181,2.17,TaGaSe2
182,0.45,Ir0.67Se2
183,0.4,Bi2Se3
184,1.08,La2Ge2Se7
185,3.25,Bi12GeO20
186,4.4,CaSnO3
187,2.7,Ba2Sb7O14H
189,3.99,Sr3EuP3O12
190,2.5,Zn0.15Cd0.85Se
192,1.5,CsLuCoS3
193,1.92,BiSBr
194,0.35,CoP2
195,7.03,NaBr
196,0.37,Pb0.95Mn0.05Te
197,2.64,TlBr
198,1.99,Ba6Ga2SnSe11
199,2.27,La4Cd4In2S13
200,2.7,CsAg2AsS3
202,1.3,MnO2
203,1.97,SbSI
204,1.05,CuSbSe2
205,0.3,Ce2Sn3Se9
207,1.0,RuSe2
208,2.68,Na2Hg3Ge2S8
209,3.22,Hg4P2ZrCl6
210,0.55,Cs3Bi
211,3.02,RbCd4Ga5S12
212,0.82,GaSb
213,0.9,Cs4Cu3Bi9S17
214,1.58,SeTe
216,2.67,La1.86Tb1.14Ga1.67S7
217,2.79,ZnSe
218,1.78,SrPbO3
219,0.5,Na7Co2O6
220,1.3,In0.99Al0.01P
221,0.26,PbSe0.99S0.01
222,0.3,Bi2Te2Se
223,2.45,Cu3NbSe4
224,2.65,Ba4LiGa5Se12
225,2.0,GaSe
226,2.08,Ag3SbS3
227,2.4,Ga0.4Al0.6P
228,0.37,Tl2Se
229,3.9,RbInTe3O8
230,1.2,K2RbSb
231,1.45,Ga2Te3
232,1.28,CdIn2Te4
233,1.45,PbO2
234,0.3,AgFeTe2
235,3.56,TlCl
237,4.0,Li2WTeO6
238,1.75,Nd2Se3
240,6.89,K3B6O10Cl
241,1.5,ZrSe3
242,3.99,Rb5BS4O16
243,2.95,KCuThS3
244,0.11,InSb0.3As0.7
245,1.24,Cu3AsS4
246,1.3,Pr2Te3
247,1.2,Eu3Sb4S9
248,3.16,Ba2V2Te2O11
249,3.17,Na2In2GeS6
251,0.6,HgIn2Se4
252,2.66,Cd4V3Te3O15
253,3.13,AgAlS2
254,2.08,Rb2Cu2SnS4
256,0.78,TlTaS3
257,1.0,CuGaTe2
258,2.57,Cu0.35Ga1.65S2.65
259,3.08,CdBiO2Cl
260,2.85,Ga2S3
261,1.24,Si30P16Te8
262,0.62,Ga1.01Sb0.99Se0.03
263,1.8,EuHo2Se4
268,0.75,Zn0.5Hg0.5Se
269,0.82,Mg3Sb2
271,2.46,TaGaS2
272,0.26,Pb0.01Sn0.99Te
273,0.08,Pb0.8Sn0.2Se
274,0.32,SmTe
275,1.7,Ce2GeSe5
276,0.9,RbBiSe2
277,1.28,GaAs0.05Sb0.95
278,0.16,CrSb2
279,1.24,La2GeSe5
280,0.85,TlScTe2
283,3.41,Sr2TiO4
284,3.08,Nb2O5
285,0.7,In6S7
286,3.26,Hg4P2HfCl6
288,2.6,DyN
289,3.9,CsInTe3O8
290,2.58,Cu5Ta11O30
291,7.75,LiB3O5
292,6.6,LaF3
293,5.9,AlN
295,1.31,K2Sb8Se3
296,6.0,CaS
297,1.5,CdSiAs2
298,1.0,IrP2
299,2.3,Ba3Bi2TeO9
301,3.02,NaNO2
302,0.6,Cs3As
303,1.5,CuInS2
304,2.43,SnS2
305,2.5,SbI3
306,6.26,RbI
307,0.33,PbSe0.5S0.5
308,2.5,Mn2P2Se6
309,2.37,Na2CdGe2Se6
310,3.02,KAg2PS4
311,2.46,Cu0.5Ga1.5S2.5
312,2.2,P2Se5
313,3.27,Na2BaSnS4
314,2.35,Pb4Ga5GeS12
315,0.65,CsAg5Te3
319,0.3,TlPTe
320,0.28,Pb0.94Se0.94Ge0.06Te0.06
321,1.8,BiI3
322,2.46,BaZnGeSe4
323,1.89,SiP2
324,0.29,Pb7Bi4Se13
325,1.0,Sr2Bi5.42La2.58S14
326,0.75,YbSnTe2
327,2.0,BaPrO3
329,1.89,As2S3
330,5.0,Dy2O3
331,2.14,AgGaGe5Se12
332,5.65,LaBeB3O7
333,1.04,Ba2GaSmTe5
334,2.4,Zn0.7S0.7Ga0.3P0.3
335,2.0,Na2EuGeSe4
337,6.53,Li6Rb5B11O22
338,1.4,K9Bi13S24
339,3.6,MnO
340,3.65,KBaB5O9
341,5.15,FeI2
343,1.26,La3LuSe6
344,5.9,PrF3
345,1.15,NdIn3S6
347,1.6,NaSbSe2
349,3.66,NdFMoO4
351,0.34,Ru2Ge3
352,0.9,ZnAs
353,2.09,Bi2YVO8
354,4.1,LiTaO3
355,0.95,CsYbCoSe3
358,1.0,Ho2HfS5
359,0.9,FeSi2
360,2.7,RbInSnS4
361,2.12,Ba2NdGaS5
362,2.24,Ga0.99P0.99Zn0.01Se0.01
363,1.5,EuLiH3
364,1.04,AgInSe2
365,1.91,Pb4Ga5GeSe12
366,4.17,Ba2InTaO6
367,3.34,Ca6Bi6O15
368,2.19,RbCd4Ga5Se12
369,0.32,Pb0.99Te0.99Ge0.01S0.01
371,1.5,CdTe
372,4.0,LiNbO3
373,1.46,LiInTe2
379,0.18,Zr6O
380,2.01,K6Nb2.97Ta1.03S25
381,3.2,Cu2MgSiS4
382,0.43,InAs
383,1.41,UP2S9
384,3.56,LiInS2
385,0.47,Sn3As2
386,1.5,InP
387,1.52,NaAsSe2
388,1.8,Ga0.4As0.4Zn0.6Se0.6
389,0.68,GaAs0.65Sb0.35
394,0.47,NaSbTe2
395,3.44,Pb17O8Cl18
396,7.0,KH2PO4
397,1.98,Hg3PS3
398,3.69,ZnS
399,1.63,Cu2ZnGeSe4
400,2.1,Tb2GeS5
401,2.26,CI4
402,2.17,ZrS3
404,6.31,KI
406,1.4,Ce2Te3
407,1.0,Cs2Bi8.81La1.19S16
408,2.29,Cs2Ta2P2Se12
409,2.18,Tl3TaS4
410,4.9,Rb2Zn3Se4O12
411,0.6,CuIn3Se5
412,0.88,Tl2InGaTe4
413,0.69,Ga0.95Sb0.95Hg0.05Te0.05
414,0.8,SrZrS3
415,2.19,Cd4P2Br3
416,1.65,Ca3Ti2Si3O12
417,3.15,Bi2Mo2Se2O13
418,3.2,Cu2ZnSiS4
419,1.07,BiCuOS
420,0.61,CdGeAs2
421,2.35,Ga0.6Al0.4P
423,3.4,CsYTe3O8
425,2.84,Ba23Ga8Sb2S38
426,6.0,CdF2
427,1.35,Nd2YbCuS5
428,2.4,Ba2HgS5
429,0.85,AgTe
431,2.24,Ag3AsS3
432,2.0,CuNbO3
433,0.14,In5Se6
434,4.35,CdIO4H
435,2.42,CuGa2S3.5
437,1.96,Ba3ThSe7
439,1.58,ZnYBiO4
440,2.6,Hg3Te2UCl6
441,3.08,PbGa4S7
442,3.54,MoO3
443,1.07,ErSe2
444,1.07,CuTlSe2
445,1.63,KAsSe2
446,2.9,SmCuOS
447,2.41,CsYZnSe3
450,0.16,InSb0.7As0.3
451,0.28,Bi0.2Te3Sb1.8
452,1.95,K2FeGe3Se8
454,2.5,Zn0.01Cd0.99Se
458,0.28,Bi2Te0.6Se2.4
459,3.62,AlP
460,0.27,Bi2Te0.03Se2.97
461,2.15,RbCu4AsS4
462,2.34,ZnGeP2
463,0.27,YPdSb
465,0.22,Pb0.94Se0.94Sn0.06Se0.06
467,0.19,Sb2Te3
468,1.65,CdGeP2
470,0.29,Hg0.01Cd0.99Se
471,2.65,MnSb2O4
472,2.7,Cu0.2Ga1.8S2.8
473,6.31,Cs2Ba3P4O14
474,6.28,LiRbCO3
476,0.6,OsP4
477,1.2,Sb2Se3
478,0.14,Pb0.94Sn0.06Se
479,5.42,Rb4Ge3B6O17
480,1.02,Eu2Se3
486,7.18,CsBr
487,1.9,Cs3Bi2I9
488,0.37,Pb0.995TeGa0.005
490,1.32,In0.9P0.9Ga0.1As0.1
493,2.32,Ca2SnS4
494,1.12,EuO
495,4.99,ZrO2
496,1.78,CsInSn2Se6
498,5.58,RbGeB3O7
499,2.21,Cd0.01Te0.01Al0.99Sb0.99
500,2.13,CsGdZnTe3
501,5.6,LiGaO2
502,0.07,Ag2GeTe3
503,3.8,KTiPO5
504,2.29,AsI3
505,2.4,As4S4
506,0.5,RhSbTe
509,0.75,TlCr5S2Se6
510,1.64,K2AgIn3Se6
511,9.1,BaF2
512,2.1,ZnSnP2
513,2.25,Ga0.15As0.15Zn0.85Se0.85
514,1.97,CsGaSnSe4
515,5.47,Ca10Ge16B6O51
516,0.6,CdIn
517,1.36,Ba2InGdTe5
518,2.21,Rb3Ta2AsS11
519,1.25,HgIn2Te4
521,4.9,RbScSe2O6
522,2.63,BaIn2Se4
523,1.5,Ag2O
527,4.8,SrS
528,2.05,AsSI
529,2.4,CaTaO2N
530,0.18,Pb0.999Sn0.001Te
531,0.82,NaSb
533,2.14,AgAsS2
534,2.1,K3Bi2I9
535,0.9,ErTe
536,4.28,LiCdBO3
537,2.93,Na2ZnSn2S6
538,0.9,Ca2Sn
539,3.71,GeS2
540,2.33,Cu2ZnSiSe4
541,0.7,Sm2Te3
542,1.45,K3Ta2AsSe11
543,2.42,K4Nb2S11
544,0.4,SnGe
546,2.8,Zn0.43Cd0.57Se
547,4.76,LaH2NO5
548,1.8,TlS2
550,4.0,Sr3BiP3O12
551,2.0,ZrSe2
552,3.97,BaIn2P4O14
553,0.45,La2NiVO6
554,3.3,TiO2
555,2.99,Sn0.5GaZn5.5O8
557,2.85,K2PbGe2S6
558,2.0,Rb4GeP4Se12
559,3.88,CsTa3Se2O12
560,2.3,Hg0.01Zn0.99Te
561,1.08,Ge0.02Si0.98
562,1.88,Cd4As2Br3
563,2.45,PbBiO2Cl
564,0.96,CuInSe2
566,0.44,EuBi2Te4
567,2.07,La4InSbS9
570,1.31,YbIn3S6
572,1.18,Ag8GeS6
573,2.0,Cs4GeP4Se12
574,3.44,AgN3
575,1.51,Sm1.82Lu2.18Se6
576,2.03,Si2Te3
577,1.0,LaMg2PdH7
578,1.57,SiAs
579,2.56,CsErZnSe3
581,2.79,Pb2Nb2Se4O15
582,2.4,RbAg5P2S8
583,1.36,Ba2InYTe5
584,1.98,LiZnN
585,1.9,In0.7Al0.3P
587,4.06,KTa3Te2O12
589,0.56,TlSe
590,0.11,Zn3Sb2
591,1.27,LuIn3S6
592,2.43,Hg8As4Bi3Cl13
595,2.45,Na2Hg3Sn2S8
596,0.1,AgTlTe2
597,2.5,Pb3BiV3O12
598,3.25,K2Nd2Ti3O10
599,0.23,Pb0.99Sn0.01Te
600,1.1,Zn3As2
601,2.03,Na2Hg3S2.51Se1.49
602,1.54,BaIr2Ge4S6
603,3.0,Ba3GeS5
605,3.1,EuSe
606,2.63,Tl4GaIn3S8
608,7.3,Li2B4O7
610,3.47,K3CdB5O10
611,1.6,KSbS2
613,0.45,Hg0.2Cd0.8Se
614,0.14,Pb0.85Sn0.15Se
615,3.6,Bi2Te2SO10
616,2.12,Hg0.06Zn0.94Te
618,2.17,KSm2CuS4
619,7.78,MgO
620,0.94,SnS0.25Se0.75
621,1.3,Rb9Bi13S24
622,2.4,La20Mo12O63Cl4
623,2.6,Bi3TeBO9
625,2.46,Li2HgGeS4
626,1.2,In2Se3
628,0.4,FeAsS
629,3.42,Bi2O2CO3
630,1.5,Ge0.774Si0.226
631,2.05,Cu2CdGeS4
632,2.64,Ba2V4Te3O18
633,1.4,CuP2
637,2.65,K2AuI5O15
638,3.1,CuI
639,0.28,NbIrSn
640,0.13,Pb0.85Sn0.15Te
641,1.17,CdIn30Te46
642,0.4,CoPS
643,2.51,CsLaHgSe3
644,2.6,La6Sb4S3O12
645,1.73,Hg0.14Zn0.86Te
648,1.7,TlPS2
649,3.59,Bi3Se2NO11
650,0.09,Pb0.65Se0.65Sn0.35Te0.35
652,1.02,GaAs0.2Sb0.8
654,3.84,Ni2Te3O8
655,0.13,LiSbTe2
656,2.66,Sr4V2Se6O21
657,0.18,LiBiS2
658,1.73,Hg7.5As4Cl6
660,4.2,RbCdB3O6
661,2.6,Rb3Ag9P4S16
662,2.32,KZn4B3O9
666,0.05,Sr8Ga16Ge30
668,5.39,In2P3B1O12
670,1.5,Cs2PdSe8
671,2.72,Sb8O11I2
672,2.1,Ga0.01Sb0.01Zn0.99Te0.99
673,0.23,ScPdSb
675,1.64,RbCd4Ga5Te12
676,2.4,CuGaS2
678,1.3,Ba3Nb2Se9
680,0.49,Pb0.9Mn0.1Te
682,5.54,Rb2GeB4O9
683,0.14,InSb0.1As0.9
684,0.3,CdSnAs2
686,0.67,Tl2SeAs2Te3
687,2.83,LiSm3SiS7
688,0.25,Pb0.9Se0.9Bi0.2Te0.3
690,0.95,Pt0.97S2
691,1.45,ThOTe
694,2.9,CsInSnS4
696,2.38,PbGa2S4
697,0.22,PbTe
698,0.23,Pb0.99Se0.99Ge0.01Te0.01
699,3.33,Cs2ZnGe3S8
701,4.2,Zn2MoSeO7
703,2.3,Ga2Se3
704,4.59,Tb4Al2O9
705,0.93,Li2HgGe
706,2.3,CsAu
707,2.4,In0.5Al0.5P
709,3.02,Ba2SmTaO6
710,2.34,CeBiW2O9
711,1.27,Bi9O7.5S6
712,1.28,SbTeI
713,4.76,Rb2Cd3B16O28
714,0.33,K2Ta15O32
718,2.87,Li2ZnSnS4
719,1.6,EuYb2S4
720,2.19,Rb2CuNbSe4
721,2.18,ZnTe
722,7.42,CsB3O5
723,3.15,SrTiO3
724,0.35,Pb0.9Ge0.1Te
725,1.23,Cu2Se
726,1.02,EuBi2Se4
727,1.5,Rb3Nb2AsSe11
728,6.4,KTi2F7
729,1.92,TlSbS2
732,3.7,Cd4LuB3O10
733,0.12,VO2
734,1.58,Cu0.8Ga1.2Se2.2
735,1.72,CdIn2Se4
736,2.88,Bi38ZnO58
738,2.86,Na2Hg3Si2S8
740,0.7,RhSSe
741,2.7,SrPr2S4
742,1.86,CsAsSe2
743,0.66,GaAs0.86Sb0.14
744,3.64,PrFMoO4
745,1.04,Ge0.9355Si0.0645
747,2.54,CsYCdSe3
748,1.89,Cd4As2I3
750,2.3,Ga0.4Al0.6As
751,2.0,Sc2S3
752,1.8,Zn0.85Hg0.15Se
754,2.21,HgO
755,2.25,Zn0.01S0.01Ga0.99P0.99
756,1.7,Sb2S3
757,1.6,Tb2Mo3O12
760,2.2,HfSe2
761,0.91,Ag2GeSe3
762,2.1,Rb3Bi2I9
763,1.06,CuInTe2
764,1.93,Cd0.55Te0.55Al0.45Sb0.45
766,2.84,Hg2Cl2
767,2.37,Ag4Ba6Sn4S16
768,1.12,Nd2Te3
769,1.12,Ba2GaGdTe5
770,1.89,Mn3Ta2O8
771,0.3,RuSb2
772,1.6,Cs3Sb
773,2.64,Li2GaGe2Se6
775,2.2,Gd2Se3
776,1.44,Rb2Cu2Sn2S6
777,5.62,LiI
778,1.7,Eu3S4
782,1.93,BaHgS2
783,6.43,BaB2O4
784,4.45,Li9Ga13Te21O66
785,0.02,BiSb0.15
786,0.29,Ag0.1Cd0.8In2.1Te4
787,4.62,In2As2O5Cl2
788,1.5,CdTlS2
791,4.5,Eu2O3
792,2.3,TlInS2
793,2.4,Na2PtI6O18
794,1.88,K6Nb1.07Ta2.93S22
795,0.05,OsSbTe
797,1.42,SnS
799,2.1,InN
800,2.2,YVTeO10
802,0.17,Bi1.4Te3Sb0.6
803,4.44,KPbPO4
804,1.74,SiSe2
805,4.9,Na2Zn3Se4O12
806,0.26,PbTe0.05Se0.95
807,0.55,In4Te3
808,1.4,CsBiS2
809,2.23,Ba4CuInSe6
810,4.1,SrSnO3
812,1.97,Tl3VS4
814,7.3,Na2Be4B4O11
815,1.12,Ce2S3
816,1.0,RhP2
817,1.39,Ga0.99As0.99Zn0.01Se0.01
821,1.1,Ce2Ge2Se7
822,0.91,ZnAs2
823,0.38,NaBiS2
825,1.37,Hg0.25Zn0.75Te
827,0.6,Eu7Ga6Sb8
829,3.39,SmBiW2O9
830,1.3,CrSi2
831,0.41,PbS
832,0.72,Ga0.99Sb0.99Hg0.01Te0.01
833,0.16,YPtSb
835,1.2,OsSbS
838,2.0,K4GeP4Se12
839,0.34,AgBiSe2
840,3.4,CsInS2
841,2.05,In0.3As0.3Ga0.7P0.7
844,2.77,Cs2AgBiCl6
845,1.5,CdSnP2
847,1.43,Ba2GaBiTe5
848,4.1,Ca3B2N4
849,1.0,BaUSe3
851,1.18,SmIn3S6
853,1.48,Cu0.5Pb1.75GeS4
855,0.23,PAs
856,0.6,FeAsSe
857,3.31,Sb2O3
858,3.1,KInGeS4
859,1.8,Ba2SnSe5
861,0.7,Mn15Si26
863,1.3,Hg0.9Cd0.1Se
864,1.9,HoN
866,1.86,Cu0.2Ga1.8Se2.8
867,2.58,Rb2CdP2Se6
868,0.22,Pb0.92Se0.92Sn0.08Te0.08
870,1.84,Cs2Hg4.65Cd1.35S7
871,1.55,TiSe2
872,1.58,In0.7P0.7Ga0.3As0.3
873,2.4,SnI2
875,0.29,Bi2Te1.5Se1.5
876,0.34,Pb0.85Se0.85Ge0.15S0.15
877,5.8,NaI
878,1.13,OsP2
879,1.8,CdSiP2
880,1.92,Na2In4SSe6
881,2.7,CuAlSe2
882,1.56,Cu3YbS3
883,0.38,RbSbTe2
884,3.7,Pb3BiP3O12
885,1.99,Ce8Sb2S15
886,5.6,Ba2Ca2B4O10
887,1.11,ZnSb
888,1.85,K2AgVS4
889,1.6,BaCuSbSe3
890,5.51,GaHSeO4
892,1.51,Ga0.75As0.75Zn0.25Se0.25
895,2.38,GeSe2
896,2.45,Cu0.4Ga1.6S2.6
899,3.22,Cs3Nb9Te4O32
900,1.29,Cd5Ga2S2Te6
901,1.9,AgSbS2
902,1.43,In0.01P0.01Ga0.99As0.99
903,0.82,BiCuOSe
904,0.8,Cu4Sn7S16
906,1.25,Ce1.3Lu0.7S3
908,3.76,LiGaS2
909,1.58,Ag2.7Ba6Sn4.3S16
910,1.28,Sm2YbCuS5
912,2.64,K2Hg3Ge2S8
913,5.2,CsScSe2O6
916,0.7,La2HfS5
918,5.12,Ba2B4O9H2
921,2.75,CdGa2Se4
924,0.89,SnS0.01Se0.99
926,0.6,ZrC
933,3.57,Sr2ScSbO6
934,3.44,CdGa2S4
936,0.18,HgTe
937,3.7,La3FMo4O16
938,3.58,TlN3
941,2.8,Cs4Th2P6S18
942,2.27,Mg2Si
943,0.43,CsSbTe2
944,0.81,Ga0.6In0.4As
945,0.76,In0.99As0.99Cd0.01Te0.01
946,0.75,Ga0.5In0.5As
948,0.48,RbBi3Se5
949,1.2,TbIn3S6
950,0.28,PbCoO3
952,4.07,RbH2I3O9
953,1.25,EuN
954,2.06,CuAlTe2
955,0.24,Bi2Te0.3Se2.7
956,1.97,La2Se3
958,3.51,Na2Ti3O7
959,0.43,Pb0.995TeIn0.005
961,0.45,In0.9As0.9Ga0.1P0.1
962,3.67,RbCaBO3
965,1.76,Cu0.5Ga1.5Se2.5
966,2.6,KGaSe2
967,3.83,KIO3
968,1.0,Ga0.9Sb0.9Zn0.1Te0.1
969,1.8,PdTe2
970,2.6,Zn3B2O6
971,1.71,CuGaSe2
972,3.49,RbNb3Te2O12
973,1.0,Tl2S
975,1.0,CdAs2
978,1.42,GaTc
979,2.7,CdIn2S4
983,0.04,Pb0.77Sn0.23Te
985,1.8,K2Se
987,0.34,In6Se7
990,1.62,GaAs0.8P0.2
991,2.91,Bi24BO39
992,2.36,Cu2MgGeS4
993,3.26,BaGa2GeS6
994,1.31,K10Co4Sn4S17
996,0.6,K2.15Pb1.7Sb8.15Se15
997,2.05,Hg6.5As4CdCl6
1001,0.89,TlCr5S5Se3
1002,0.48,AgSbTe2
1003,4.0,NaInTe2O6
1005,3.79,Pb3Cl4TeO3
1006,2.08,Na0.5Pb1.75GeS4
1007,1.6,LiAsS2
1008,2.0,Cs4Ag9Sb4S12
1009,1.89,CuGa3Se5
1010,1.0,RuP2
1013,2.64,AgGaS2
1014,5.98,CaI2
1015,1.37,GaAs0.99P0.01
1017,4.4,Nd2O3
1018,5.54,GeO2
1019,0.21,Hg0.77Cd0.23Te
1020,4.35,RbPbPO4
1021,3.5,Li2MoTeO6
1022,1.01,CuIn3Te5
1023,3.73,LiGd5P2O13
1025,2.68,Li2HgSiS4
1028,2.0,EuTb2Se4
1033,1.29,KBiCu2S3
1035,1.95,ZnIn2Se4
1037,1.38,In2Bi3Se7I
1038,2.22,SbSBr
1039,0.53,Pb0.99TeIn0.01
1040,1.7,K2MnSnSe4
1041,0.9,IrSe2
1042,0.46,VFeSb
1043,2.5,LaGaS3
1044,0.55,CsBi2
1045,0.9,PbSnS3
1047,4.3,CaTe
1049,4.1,RbNbSe2O7
1051,2.05,CdS0.55Se0.45
1052,2.1,K2S
1053,2.6,Zn0.99Hg0.01Se
1054,2.8,Tl4CdI6
1055,1.45,Cu0.1In1.9Se2.9
1058,3.59,HgBr2
1060,0.7,Ga1.1Sb0.9Te0.3
1062,0.3,Cd3Sb2
1063,2.16,CsTm9Cd4Se18
1064,0.7,Bi2Te0.4Se2.6
1065,2.06,EuTe
1066,3.9,NaYTe4O10
1067,3.05,K2La2Ti3O10
1068,0.27,Pb0.99Ge0.01Se
1069,0.62,TlInTe2
1070,0.32,Pb0.9Se0.9Ge0.1S0.1
1071,3.3,K2Mo2Se2O11
1073,3.31,PbBr2
1074,2.48,As2S5
1075,2.83,LaCuOSe
1076,4.9,NaH3Se2O6
1077,1.2,IrSSe
1083,1.47,Cu2ZnSiTe4
1084,0.92,OsAs2
1085,3.91,CdTeO3
1088,1.9,Hg4As2UCl6
1089,1.5,RhS3
1090,1.78,AgNb2PS10
1092,2.5,Sm3S3BO3
1093,2.1,GdScS3
1095,1.31,EuIn2Se4
1096,2.19,Cs2AgBiBr6
1099,2.31,LiGaTe2
1101,0.21,OsSb2
1102,1.9,CeTaN2O
1104,1.69,Ce4InSbSe9
1106,1.9,YN
1108,4.24,TbClWO4
1110,1.1,LiAsSe2
1111,8.5,RbCl
1113,0.2,CoSb2
1114,1.11,SnS0.99Se0.01
1115,1.97,BaPdI4O12
1116,2.2,Fe2O3
1117,1.4,Hg0.2Zn0.8Te
1118,0.84,Ge0.88Si0.12
1120,2.17,NaSbP2S6
1121,5.38,K2Ge3B2O10
1123,1.8,Pr2GeSe5
1128,1.85,Rb2CuVS4
1129,3.51,Rb4Mo5P2O22
1132,1.82,K2CuVS4
1134,0.16,Cu3TbSe3
1135,2.3,Sm2Se3
1136,1.9,AgInS2
1139,2.2,Bi2V2Se4O16
1140,2.02,Mg2GeSe4
1142,1.3,In0.99P0.99Ga0.01As0.01
1147,1.37,GaAs0.01Sb0.99
1148,2.66,BiBr3
1149,2.27,Ga0.99Al0.01P
1151,1.15,ReSe2
1152,1.65,EuS
1153,3.99,Pb2BO3Cl
1154,0.37,Pb0.96TeIn0.04
1155,2.81,CsInSe2
1156,1.25,In0.6As0.6Ga0.4P0.4
1157,1.52,Ga0.5As0.5Zn0.5Se0.5
1158,0.8,Na2CsSb
1160,1.87,ZnIn2Te4
1163,1.4,OsPS
1164,2.15,CuGa1.6In0.4S3.5
1165,1.82,Cu3SmS3
1166,1.1,ZnGeAs2
1167,0.17,InSb0.01As0.99
1168,4.18,Gd2Mo3O12
1170,1.55,Ba2BiInS5
1171,2.54,BiFeSe3O9
1172,0.96,Cu2CdSnSe4
1173,2.9,Li3ScN2
1174,1.21,InBi2Se4Br
1176,0.3,Pb0.999TeIn0.001
1177,1.38,CuSbS2
1179,2.8,LiMoIO6
1181,0.35,Pb0.8Ge0.2Se
1183,2.56,Cs2Hg3I8
1184,2.22,Ba2InSmSe5
1185,1.87,SbSeBr
1186,6.89,K2Al2B2O7
1190,2.8,Zn0.9S0.9Ga0.1P0.1
1193,2.3,CsHgInS3
1194,2.24,Ge0.542Si0.458
1196,1.95,HgGa2Se4
1197,3.26,Sr3Ti2O7
1198,0.25,RuTe2
1200,1.3,CuInGeSe4
1201,0.3,GeTe2
1202,2.96,Zn3V2TeO10
1204,2.11,K2Hg3S1.03Se2.97
1207,0.18,YNiSb
1211,1.53,RbMn4Ga5Te12
1212,1.66,Cs2Hg5.75Cd0.25S7
1213,4.0,NiO
1214,6.4,CsI
1215,4.64,Se2B2O7
1217,1.85,SiTe2
1218,1.6,Cs2PdP2Se6
1219,0.7,Cu2SnSe3
1220,2.31,LaCuOTe
1221,1.3,BaSi2
1222,2.46,K2CeP2O8
1223,1.91,GaAs0.6P0.4
1224,2.32,Li2HgSnS4
1225,8.5,NaCl
1227,0.34,Pb0.95Ge0.05Te
1231,2.6,BSb
1232,1.4,CrO3
1233,1.07,CsBiSe2
1234,2.2,Mg3As2
1235,1.63,CsCu2SbS3
1238,0.68,Bi2Cu0.96Se3I
1239,1.68,CdS0.01Se0.99
1242,2.0,Rb4Ag9Sb4S12
1243,1.5,AgIn9Te14
1244,1.9,Ba2SnSe4
1246,3.46,BiOCl
1248,0.42,TiNiSb
1250,1.99,Cu0.01Ga1.99Se2.99
1251,1.24,Cu0.5In1.5Se2.5
1252,0.64,Na8Al8Si38
1254,2.6,Cu0.3Ga1.7S2.7
1255,0.5,Ge2Sb2Te5
1256,4.39,CsPbPO4
1257,4.9,KH3Se2O6
1258,0.45,PdPAs
1259,3.26,K2Sm2Ti3O10
1260,2.6,Sn2WO5
1261,0.19,Pb0.95Se0.95Sn0.05Se0.05
1262,4.4,Ga2O3
1263,1.62,SnSe2
1265,1.2,RbBiS2
1266,4.9,NdB6
1267,2.0,GaAs0.5P0.5
1268,1.61,CsZn4In5Te12
1269,0.3,NiP2
1271,2.52,Ba4AgGa5S12
1272,3.0,KInS2
1273,2.47,Ag2HgI4
1274,3.1,K10Zn4Sn4S17
1275,1.56,Gd1.87Lu2.13Se6
1276,2.06,Cs2SnP2Se6
1277,1.4,PdPS
1278,2.6,HgPS3
1280,0.2,CoTe1.88
1281,0.25,SrIr4In2Ge4
1282,3.76,NaSbF6
1283,1.02,CdIn8Te13
1284,0.52,Cu3GdTe3
1286,1.08,Cu0.99In1.01Se2.01
1287,1.9,In0.5Ga0.5P
1288,0.8,Ge0.9Si0.1
1290,1.65,TlGaSe2
1292,0.64,In4Se3
1295,2.35,NaGaGe3Se8
1296,3.7,Bi3F3I4O13
1299,0.16,Cu3HoSe3
1300,3.1,RbInGeS4
1302,2.8,AgF
1304,1.18,Cu2Ga4Te7
1305,2.3,Sm2Sc3
1309,1.35,WSe2
1310,2.43,Ba3B1.5S6Bi0.5
1311,2.6,Hg2Br2
1314,3.1,BaSnO3
1315,1.14,Cs8Ga8Si38
1316,6.53,Ca5B3O9F
1317,1.89,BiOI
1318,0.55,PrO
1322,1.89,Hg6As4CdBr6
1323,0.8,YB66
1324,3.3,Bi3Ge3O10.5
1325,0.23,CrO2
1326,0.28,Pb0.98Se0.98Bi0.04Te0.06
1328,2.32,V2O5
1329,3.6,GdB6
1330,2.77,La2S3
1332,1.97,Li4.5Mn0.5TeO6
1333,4.5,Rb2Te
1334,0.1,InSb0.4As0.6
1335,2.0,Ce3MoO7
1336,2.12,Pd3P2S8
1337,3.1,BaTiO3
1338,2.44,Cs2TiAg2S4
1340,2.34,Ga0.1As0.1Zn0.9Se0.9
1342,0.42,Ag0.4Cd0.2In2.4Te4
1344,2.88,Y3GaS6
1345,6.2,Sc2O3
1346,2.38,Y6ZnSi2S14
1347,1.4,Tl2Cu2SnS4
1348,4.28,Ba3MgTa2O9
1349,3.2,Na3ZnB5O10
1352,4.0,KNbSe2O7
1357,2.07,InS
1358,2.65,Nd2S3
1359,5.55,HfO2
1360,2.33,Rb2TiAg2S4
1362,2.61,La3InGe0.5S7
1363,2.31,Ba2InYSe5
1364,0.22,Pb0.8Se0.8Bi0.4Te0.6
1365,0.8,Pb6Sb6Se17
1366,2.21,Ba2GaBiSe5
1371,1.04,K2Cu2Sn2Se6
1372,3.0,ErN
1374,2.98,TlCuCl3
1375,0.96,Er2Mo3O12
1376,1.89,Ba4Ge3Se9Cl2
1377,0.07,CuPbBiSe3
1378,0.6,Eu3As2
1379,4.45,HgCl2
1380,5.77,SrO
1383,4.2,AgInO2
1384,2.15,BaPdSe6
1386,0.26,Cu3HoTe3
1389,1.77,K4Ba2Nb4S22
1390,0.59,SnSi
1391,0.11,CoSbS
1393,0.3,Pb0.999TeTl0.001
1394,0.8,Ge40.0Te5.3I8
1397,2.48,Cs2Cd3Te4
1398,1.31,PdI2O6
1399,2.62,Ba3BSbS6
1400,2.18,Ba2GaNdSe5
1402,1.72,K2CuGa3Se6
1404,0.35,NaBiSe2
1405,0.29,Bi2Te2.1Se0.9
1406,2.31,Ta0.67Zr1.33O1.38N1.97
1407,3.14,Cd8B5O15F
1409,1.9,Hg0.08Zn0.92Te
1410,1.74,TlHgInS3
1414,1.22,EuIn2Te4
1416,3.0,Tb2O3
1418,2.04,K2TiCu2S4
1419,2.14,KAu5PS8
1421,1.26,Tl4Ta2S11
1422,2.0,Er3SmSe6
1423,0.51,Pb0.6Ge0.4Te
1425,0.17,CrTe2
1428,2.86,Bi2O3
1429,1.59,Cu0.9Ga1.1Se2.1
1430,0.16,CuFeTe2
1431,6.15,NdF3
1432,0.22,Pb0.85Se0.85Sn0.15Se0.15
1433,0.7,Hg0.4Cd0.6Se
1434,0.8,AgAsTe2
1435,1.9,SbSi
1437,1.45,Hg4As2CdI4
1438,1.06,Cu0.9In1.1Se2.1
1439,1.02,Cs4BiAs3Se7
1440,2.0,SrMgSnSe4
1441,3.76,Pb2BO4H
1444,2.3,K2Sn3Sb2S10
1445,1.48,NaSbS2
1447,1.4,LiCa3As2H
1453,0.8,GeSn
1454,0.16,Bi1.6Te3Sb0.4
1455,1.54,GdN
1457,1.75,Lu2CrS4
1458,9.9,MnF2
1459,0.63,CuGa2Se4
1460,2.3,La8Sb2S15
1463,1.4,Ag5IO6
1464,1.95,UY4O3S5
1465,1.93,Ta0.67Zr1.33O0.42N2.61
1468,0.37,Tl2GeTe3
1470,4.0,Zn2LiGaO4
1471,3.97,BiIO3F2
1472,0.38,TlSbTe3
1473,3.01,Ba3B1.5S6Sb0.5
1474,5.31,GeSe2O6
1475,0.02,Pb0.87Sn0.13Se
1476,0.65,Cu3AsSe4
1478,0.2,Cd3Bi2
1479,0.8,RbBi3Se4Te
1480,1.0,DyAs
1481,3.1,Bi25TiO39
1482,2.14,Rb2TeBr6
1483,0.69,In2Se
1484,1.45,GeAs
1485,2.7,YVSeO10
1487,1.9,KCu4AsS4
1488,2.3,K2ZnSn3S8
1489,4.9,B2O3
1491,0.75,PdS2
1493,3.8,AgScO2
1499,1.1,AgGaTe2
1500,3.58,ScTiNbO6
1501,1.92,La3Sb0.33SiS7
1502,1.83,Cd4Sb2I3
1503,0.85,Ga2GeTe3
1504,0.16,Pb0.99Sn0.01Se
1505,1.1,GaAs0.15Sb0.85
1507,1.1,Cu0.7In1.3Se2.3
1509,0.74,Ga0.95Sb0.95Cd0.05Te0.05
1510,1.21,Cu0.3In1.7Se2.7
1511,1.92,Cu0.15Ga1.85Se2.85
1513,2.54,CsYHgSe3
1514,1.8,Pr2Se3
1516,3.76,Pb2N2SeO9
1518,1.8,Tl2BiP2S7
1519,0.98,SnS0.4Se0.6
1521,0.32,Pb0.999Se0.999Sn0.001Se0.001
1522,2.97,In2Se2O7
1523,6.81,NH6PO4
1526,2.4,NaInSnS4
1527,2.12,Cs2TeBr6
1528,2.1,K0.6Cs0.4PSe6
1529,1.0,Ca2Ge
1530,2.1,Ba2ZnTe3
1532,1.47,CuGaO2
1533,1.92,Ni2InVO6
1534,4.9,PrB6
1535,3.1,Rb2Mo3Se3O16
1537,3.3,RbInS2
1538,0.71,Ga1.001Sb0.999Se0.003
1539,3.54,BaGa4S7
1541,0.7,LiMgAs
1543,3.48,Ba2ZnV2O8
1545,3.74,Bi2SI2O11
1546,0.32,Pb0.99Ge0.01Te
1550,2.6,Rb2AgPS4
1551,0.48,BaCu2SnSe4
1552,3.85,BiPO4
1553,2.0,Na2Se
1555,1.0,La4FeSb2S10
1556,3.48,GdSb2BO8
1558,0.59,SiSn
1559,3.4,Ba2Ga8SiS16
1564,1.47,K2Cu2Sn2S6
1566,1.4,Zn0.8Hg0.2Se
1568,2.24,Ag2V2I4O16
1569,1.22,GaAs0.1P0.9
1571,1.72,NaNb2PS10
1573,4.1,Zn2MoTeO7
1575,2.67,ScTa2O5N
1578,0.39,Ag0.25Cd0.5In2.25Te4
1580,3.53,TbSb2BO8
1581,1.18,TlPrSe2
1582,1.6,BaGa2SnSe6
1587,0.84,Ag2SnSe3
1588,1.3,AgGaSe2
1590,0.1,InSb0.5As0.5
1591,1.64,B4C
1592,4.84,GdH2NO5
1593,0.85,Cu2GeSe3
1595,0.67,GaAs0.7Sb0.3
1599,0.8,PdO
1600,1.6,Tl2TeS3
1604,2.9,CaPr2S4
1605,0.35,Hg0.1Cd0.9Se
1608,2.38,Ba2BiGaS5
1610,3.25,Bi24VO41
1611,0.66,V2O4
1613,1.38,Pr1.29Lu0.71S3
1614,1.4,AgAsSe2
1619,0.74,Sr8.007Ge2.043Bi7.949Se24
1620,0.2,Zr3O
1621,1.85,In0.4As0.4Ga0.6P0.6
1622,1.01,TlCr5S8
1623,0.46,Cu3TbTe3
1624,2.57,Na2CdGe2S6
1625,2.78,La2Ga2GeS8
1627,0.49,La2MoO5
1628,4.94,Ba7B3O9F5
1631,0.94,Ge0.4Si0.6
1633,1.78,BaTaO2N
1636,1.32,Ge0.838Si0.162
1637,6.38,DyPO4
1638,1.23,HoIn3S6
1639,1.23,Ag2S
1641,1.72,Hg0.99Cd0.01Se
1642,0.3,PbTe0.99Se0.01
1643,0.1,GaBi
1645,2.32,CsInGeSe4
1647,0.46,RbNb4Br11
1650,0.26,PbSe0.95S0.05
1652,1.61,K3Ti2P5S18
1653,1.65,Ba3FeS4Br
1655,1.14,PrIn3S6
1656,0.88,SiAs2
1658,1.08,Eu3Sb4Se9
1659,4.2,MgGeN2
1660,2.76,Ca4Bi6O13
1661,3.03,PrCuOS
1662,2.64,Cu0.05Ga1.95S2.95
1663,2.12,H6PtI6O20
1667,1.65,Cu2WSe4
1668,0.3,SnTe
1669,2.54,Li2In2SiSe6
1670,1.67,In0.3P0.3Ga0.7As0.7
1671,2.2,GaAs0.2P0.8
1672,1.57,RbCd4In5Se12
1673,0.51,Sm3Te4
1674,0.22,YbSb4Te7
1675,6.89,CsLiB6O10
1677,3.3,Li6Mo6Se6O33
1678,2.4,Zn0.85S0.85Ga0.15P0.15
1679,2.34,K8Ce2I18O53
1680,3.1,Rb3Al3Ge7S20
1681,3.3,Ba3Er2P4S16
1682,1.86,Li2ZnGeSe4
1683,1.9,K2Te
1685,2.3,PbBiO2Br
1687,3.09,Bi12TiO20
1689,1.56,PrLuSe3
1690,4.2,BP
1691,1.82,KSb5S8
1692,0.68,Ga1.02Sb0.98Te0.06
1694,1.3,GdTe
1695,0.49,Pb0.59Ge0.41Te
1697,1.05,CuZn2InTe4
1698,4.13,Cs2Al2B2O7
1699,1.98,Ba8Hg4S5Se7
1701,0.24,Pb0.9Se0.9Sn0.1Se0.1
1703,3.4,La2O2ZnSe2
1704,0.23,AgFeSe2
1707,0.5,TlPSe2
1708,0.71,In0.97As0.97Cd0.03Te0.03
1713,2.2,K2Ag3Sb3S7
1716,0.14,Bi1.98Te3Sb0.02
1717,5.71,K2ReH9
1720,0.58,Eu3Se4
1721,0.65,Ge0.999Si0.001
1722,2.56,Hg2Cu3Te6O16
1723,0.71,Ag8SnSe6
1725,3.43,Bi2AsO4Cl
1726,1.5,Cs2TeI6
1727,1.98,Ag2GeS3
1728,0.9,ZnSnAs2
1729,3.78,Cd4YB3O10
1730,3.1,LiZnBO3
1733,1.0,TiTe2
1734,2.0,Pb2SbS2I3
1735,2.5,Cs3Bi2Br9
1736,1.71,La3Mg0.5SnS14
1739,0.12,TlBiTe2
1743,2.88,BaGa2SiSe6
1744,2.24,Ba2InGdSe5
1745,2.47,Cu3Ta7O19
1746,2.77,GaP
1749,2.58,K2CdP2Se6
1750,1.37,K1.83Cd1.83Bi2.17S6
1753,1.42,CsCd4In5Te12
1754,2.3,Ce4Ge3S12
1755,2.05,Tl2Hg3S4
1756,1.09,CuGa3Te5
1757,0.12,CuPbBiS3
1758,1.21,KBi3S5
1759,4.2,CsCaBO3
1760,0.28,Hg0.65Cd0.35Te
1761,1.8,TlGaTe2
1762,1.62,Cu3GdS3
1763,0.14,Cu3TmTe3
1764,3.35,LiBi3O4Cl2
1767,1.72,KSi2P3
1770,0.67,AgSbSe2
1771,1.45,La2YbCuS5
1772,1.6,In0.1P0.1Ga0.9As0.9
1775,0.55,Ga0.28In0.72As
1777,1.0,Ag7AsSe6
1778,2.32,Ag2CdGeS4
1780,2.7,AgLi0.33Ti0.67O2
1782,1.8,YbGa2Se4
1783,3.45,Ca2SmTaO6
1784,0.11,Pb0.8Sn0.2Te
1785,7.1,Ba4B11O20F
1787,2.8,In2O3
1790,3.56,Na2Nb4Se4O19
1792,0.28,Bi2Te1.2Se1.8
1793,6.53,Cs2B4SiO9
1794,3.16,Cs10Cd4Sn4S17
1797,2.8,Rb2Hg3Ge2S8
1798,1.4,Rb2TeI6
1800,0.88,GeSi
1801,2.17,Cs5P5Se12
1802,2.23,NaAsS2
1803,2.5,Ho2GeS5
1806,0.28,MnP4
1808,3.34,K10Zn4Ge4S17
1809,0.98,YbS
1810,1.2,Tl2Au2Sn2Se6
1811,1.7,Cs2Bi2Cd2S5
1812,4.27,LiInI4O12
1813,1.87,TeSe3
1814,1.59,Cr3Se4
1815,2.0,Ga0.65Al0.35As
1816,0.47,K2Bi8Se13
1817,2.71,Zn6S5Cl2
1820,7.8,CsCl
1822,0.79,Pb0.999Se0.999Bi0.002Te0.003
1824,3.64,Pb3B3O10N
1825,1.9,MnVTe2O8
1826,1.6,Cd0.99Te0.99Al0.01Sb0.01
1827,1.65,KTbSe4
1830,3.52,SrBiO2Cl
1832,1.07,Ho2Mo3O12
1833,2.59,K2SmP2S7
1839,1.57,Li0.2Na0.8AsSe2
1841,3.85,Ba5V3O12F
1843,1.1,NaCd4P3
1846,0.95,EuSb2Se4
1847,0.32,Pb0.93TeIn0.07
1848,3.3,ZnMoSb2O7
1849,1.76,AsSeI
1852,0.68,In0.94As0.94Cd0.06Te0.06
1853,1.4,TlN
1854,4.25,NaInI4O12
1856,3.6,AgAlO2
1857,10.3,KF
1858,0.27,PbSe0.9S0.1
1859,1.9,AgAlTe2
1860,2.32,Ba2AgInS4
1863,0.4,PtPAs
1864,2.4,Tl2CeP2S7
1865,1.6,LiPbSb3S6
1866,2.48,Cd2V2Te2O11
1869,2.55,SnGa4Se7
1870,5.42,Ho2O3
1872,1.66,Ba2GaSbTe5
1873,1.1,Hg0.7Cd0.3Se
1879,1.5,In0.9Al0.1P
1880,3.88,Na3Sn2F6Cl
1884,2.2,K5In3P6Se19
1885,2.38,SnI4
1886,3.4,H2Ti6O13
1887,2.27,Li2B12Si2
1888,1.8,PbSb2Se4
1889,0.5,PdS
1890,1.36,Cd0.9Te0.9Al0.1Sb0.1
1891,2.75,KAuI4O12
1893,3.37,Ba3Tb2P4S16
1894,2.25,KBiSiS4
1895,1.76,Ba4Si3Se9Cl2
1896,2.2,Al2Te3
1897,1.15,FeIn2Se4
1898,4.2,CsNbSe2O7
1899,0.77,FeSc2
1900,0.72,Ga0.99Sb0.99Cd0.01Te0.01
1901,1.35,Cs3Nb2AsSe11
1902,2.21,K3Ta2AsS11
1904,1.38,CuGaGeSe4
1905,1.21,Ba5Ga6SnP12
1906,1.22,DyIn3S6
1908,3.37,Pb4V2Se6O21
1909,2.25,EuGa2S4
1910,1.45,PbMnIn2S5
1912,4.85,PbCdP4O12
1913,0.15,Mg2Pb
1914,2.52,Na2CdSnS4
1915,6.19,LiCsCO3
1916,1.65,ThOSe
1921,0.8,Tl3CuNb2Se12
1922,4.83,YH2NO5
1923,1.4,Mg3P2
1924,0.42,Zn0.4Hg0.6Se
1926,1.94,Rb3Sb2I9
1927,2.12,In0.6Al0.4P
1928,2.09,Ba4Sb3S8Cl
1929,0.99,Li2CdGe
1930,2.07,ZnSiP2
1935,1.9,NaInS2
1936,1.45,Bi14.7In11.3S38
1939,2.63,Cs2CdP2Se6
1941,0.54,Pb0.93TeTl0.07
1942,3.26,ErBiW2O9
1945,2.64,LiGaGe2Se6
1946,0.45,Eu3In2P4
1947,0.63,GdAs
1948,3.0,CsGaS3
1949,1.33,AsNMg3
1950,2.29,Ba2InErSe5
1951,1.9,CsPSe6
1953,1.89,BiSCl
1954,0.35,Hg0.63Cd0.37Te
1955,2.23,CdS0.8Se0.2
1957,2.55,Gd2S3
1958,2.35,Na2TeS3
1959,1.2,AgPbBiS3
1960,2.48,Hg4As2ZrCl6
1961,3.71,BaBiO2Cl
1964,2.07,RbYbZnSe3
1968,1.6,NaInTe2
1969,0.25,FePS
1971,4.53,Tm2O3
1973,0.39,K1.46Sn3.09Bi7.45Se15
1975,0.45,NaBa2Cu3S5
1977,1.8,RuS2
1978,1.89,KEuAsS4
1979,0.56,Pb0.61Ge0.39Te
1981,0.2,Cu3YbSe3
1982,0.57,Pb0.96TeTl0.04
1984,1.86,Li2FeSnS4
1986,1.83,PbGa2Se4
1988,5.17,Ba2B6O11
1989,1.51,As2B12
1990,2.22,TlAsS2
1993,1.9,SeS
1994,0.42,Pb0.99TeGa0.01
1995,1.09,BaRh2Ge4Se6
1996,1.6,CsGeI3
1998,0.45,Rb1.45Pb3.1Sb7.45Se15
2000,4.05,MgSiN2
2001,0.5,CoSb3
2002,3.6,MgTe
2003,2.27,Ba2InDySe5
2004,2.41,Ba4AgInSe6
2007,0.15,PdPSe
2009,3.83,BiFSeO3
2010,8.5,KCl
2011,0.16,Pb0.9Sn0.1Te
2013,3.28,Ag2ZnSiS4
2015,0.25,Bi2Te3
2019,1.81,K8Zr6Se30
2023,3.58,LaVI5O16
2024,0.9,KBiS2
2027,1.4,CdSb2Se3Br2
2028,0.7,La2O2FeSe2
2029,0.23,BaZn2As2
2031,1.12,YbSb2S4
2034,5.13,AgCl
2036,0.82,TlSbSe2
2038,1.98,Th2GeSe2
2039,1.6,Rb2Cu2Sb2S5
2041,0.13,Ba1.88Ta15O32
2042,0.3,Cs6Na2Zn4Ge42
2044,4.99,Li4.5Ga0.5TeO6
2045,1.73,KGaSnSe4
2047,1.07,Cu0.95In1.05Se2.05
2048,1.08,Cu2Te
2051,0.08,Hg0.8Zn0.2Te
2053,2.3,Zn0.3S0.3Ga0.7P0.7
2054,1.1,TeI4
2055,4.64,KSbS2O8
2056,2.4,CdS0.99Se0.01
2058,1.37,Ba2InNdTe5
2059,2.27,Ba2GaSmSe5
2060,4.53,ZnI2
2061,2.14,K2CuNbSe4
2062,1.5,InBi2S4Br
2063,2.6,Ga0.01P0.01Zn0.99Se0.99
2064,0.9,TiS3
2066,1.85,Hg2I2Te2
2068,1.6,Ba3Ta2Se9
2070,1.92,Cs2MgSn3Se8
2071,1.93,Ce10OSe14
2072,2.08,K2P2Se6
2073,0.54,EuSb4Te7
2074,2.04,CsAgSb4S7
2077,1.4,Ca3Sb2
2079,4.67,Na8CsB21O36
2080,2.2,Cu2P2S6
2084,0.55,ZrNiSb
2086,0.75,PtS2
2087,2.52,CeFMoO4
2089,1.5,Rh0.67S2
2090,2.62,Nd4Ge3S12
2091,1.27,GdB66
2093,1.47,CuNb3O8
2095,0.13,Pb0.92Sn0.08Te
2096,2.15,Cs2HgI2Cl2
2099,1.13,Ge0.891Si0.109
2100,2.51,Ba2GaSbSe5
2101,1.76,La4InSbSe9
2102,2.55,AgAlSe2
2106,0.86,Ge0.8Si0.2
2109,1.07,Ga0.8In0.2As
2111,2.12,TlCu3Lu2Se5
2113,11.7,LiF
2114,1.59,Cu0.99Ga1.01Se2.01
2115,1.5,Gd3.04Sc0.96S6
2116,0.3,Pb0.999TeGa0.001
2119,4.19,Ba2ScTaO6
2120,0.4,ZnSnSb2
2121,1.2,La2MnNiO6
2125,1.87,Li2ZnSnSe4
2130,4.84,RbH3Se2O6
2131,0.04,Pb0.83Sn0.17Se
2134,1.35,Ba2InErTe5
2138,0.72,Ge0.92Si0.08
2139,1.04,Ge0.93Si0.07
2140,1.66,Er2Se3
2141,3.3,Bi2I4O13
2142,2.06,NaGe3P3
2143,1.71,K2ZnSn2Se6
2144,0.1,PtSe2
2146,1.39,Cu2ZnSnTe4
2147,2.9,AlVTe2O8
2148,0.8,PtP2
2150,1.42,Bi3In4S10
2154,2.23,SnGeS3
2155,2.05,CaSm2S4
2156,1.4,K8Al8Si38
2157,1.56,BiSI
2158,1.37,Ce2YbCuS5
2159,2.59,Cu2O
2160,3.82,PbCl2
2162,6.89,BaClBF4
2163,0.95,Sn2S
2165,0.48,Pb0.995TeTl0.005
2166,0.7,GaAs0.99Sb0.01
2167,3.5,Cs2Te
2168,0.37,Th2Se5
2169,0.4,Fe2TiSi
2171,2.4,PbGeS3
2172,1.0,Na2KSb
2173,1.75,Mn2.04Gd1.47In0.49S5
2174,2.2,KAg2SbS4
2177,2.19,Cs2CuNbSe4
2181,1.36,La3CuGaSe7
2182,1.2,Cu2CdGeSe4
2183,3.1,Ba8Al10B12O41
2184,3.2,Bi12SiO20
2185,4.15,Ga2Te3O9
2187,0.12,Pb0.95Sn0.05Se
2189,2.68,KInSe2
2191,2.4,BiZn2VO6
2192,0.55,Hg0.3Cd0.7Se
2194,1.76,KFe2BiO5
2196,4.76,Cs2Cd3B16O28
2199,2.9,HfS2
2200,2.3,Fe4I3O24H15
2201,1.81,Cu0.35Ga1.65Se2.65
2203,1.8,K2AgSnSe4
2205,0.8,SmB66
2210,2.8,CsSbS2
2213,3.63,Li6Al2Te8O22
2214,2.62,Rb3Bi2Br9
2216,1.89,Pr10OSe14
2221,3.4,BaTe
2222,4.42,Pb2B3O7.5H2
2223,0.34,YbSb2Te4
2224,4.3,Cs2Zn3Se4O12
2225,3.2,CeScO3
2231,1.47,Tl2TeI6
2232,2.2,AlB12
2233,1.75,Zn0.9Hg0.1Se
2238,0.7,Rh0.67Se2
2239,1.09,Ge0.001Si0.999
2240,0.85,Ga0.95Sb0.95Zn0.05Te0.05
2241,4.75,LiPbB9O15
2242,3.63,La2V2IO9
2244,1.5,Sn2SbS2I3
2246,6.53,Ba2B6O9(OH)4
2248,1.57,Nd4InSbSe9
2249,5.0,Sm2O3
2252,1.8,YbTe
2253,1.76,RbZn4In5Se12
2255,4.61,Ga2Se2O7
2256,0.35,DyTe1.7
2261,1.35,InSb2Se4Br
2263,0.53,Cu2GeS3
2264,2.13,Sm4InSbS9
2265,1.95,Cs4Pb4Ge5S16
2266,2.79,HgGa2S4
2268,2.47,CsSmCdSe3
2269,9.92,CaF2
2272,2.96,RbMoPO6
2273,1.4,RuPS
2278,4.75,SrSeO4
2280,0.67,TlCr5Se8
2281,2.3,TlInGeS4
2282,1.75,La3Sb0.33SiSe7
2284,2.17,K2Cu2ThS4
2285,3.3,K2Gd2Ti3O10
2286,1.1,Hg0.8Cd0.2Se
2290,1.2,CuIn3S5
2295,0.71,TlCr5SSe7
2297,0.9,Sn2BiS2I3
2298,1.19,Cu0.35In1.65Se2.65
2299,2.91,Ba4Ge3S9Cl2
2303,0.64,NiS2
2304,2.15,Na8Eu2Ge4S12
2305,2.55,CaGd2S4
2306,0.5,Ho2S3
2307,2.49,K3Cu3Th2S7
2310,1.2,MoTe2
2316,0.43,Ir2Sn3Se3
2317,3.0,Zn0.5Cd0.5Se
2318,1.26,CuZr1.86S4
2321,1.56,BaHgSe2
2322,2.54,La3GaGe0.5S7
2323,4.85,CeF3
2324,0.14,Cu3GdSe3
2325,0.64,Ce2O2FeSe2
2326,2.58,Dy4GaSbS9
2328,0.7,Ru2Si3
2329,2.13,CdP2
2330,0.68,AgIn3Te5
2332,2.75,InP2S4
2334,4.3,PbSeO4
2336,0.97,Ba3SnSb2Se8
2337,2.05,LiAlB14
2338,0.5,Ga0.2In0.8As
2341,4.1,LaB6
2342,3.6,NaAlGeS4
2344,2.02,Ag2NbP2S8
2345,4.4,LaGaO3
2346,1.6,Na0.5Pb1.75GeSe4
2352,2.82,Ba4CuGa5S12
2353,2.58,CsCdBO3
2354,2.15,Ga0.3P0.3Zn0.7Se0.7
2355,0.52,SmSnTe2
2356,3.5,ThO2
2358,1.2,RuAsS
2360,1.11,CeIn3S6
2362,0.72,AgTlSe2
2365,0.85,CuCd2InTe4
2366,1.1,GeAs2
2372,4.42,SrSe
2373,0.65,PdP2
2374,2.16,Ba4Ga4SnSe12
2375,2.47,Na2GeIn2Se6
2376,2.47,Ba2In2S5
2377,2.0,BaCuSbS3
2378,3.25,Na2ZnGe2S6
2382,1.35,K3Cr2P3S12
2384,3.82,YClMoO4
2385,0.12,ReSi2
2387,3.06,Ag2MoI4O14
2392,0.3,In0.99As0.99Ga0.01P0.01
2393,1.09,SmP
2396,3.07,Zn3P2S8
2398,1.67,Ga0.58As0.58Zn0.42Se0.42
2402,2.2,Na2Ga2SnS6
2403,3.52,Fe2P3B1O12
2404,2.3,ReO3
2405,1.6,Pb2BiS2I3
2406,2.75,Li3AlP2
2407,2.34,Cs2Sn3Sb2S10
2408,3.03,TlHg6S4Br5
2409,1.0,Rb3Sb
2410,1.05,Ce2YbCuSe5
2411,2.0,La3CuGeSe7
2412,3.6,RbYTe2O6
2414,4.37,LiIO3
2415,2.21,CsCd4Ga5Se12
2416,1.75,In0.5P0.5Ga0.5As0.5
2418,0.85,Cd6P7
2421,2.1,HgS
2423,1.85,Cs5BiP4Se12
2424,4.3,CdIO3Cl
2425,0.31,Eu4Te7
2426,0.76,V3As2O9
2427,1.13,GdIn3S6
2428,1.4,In0.8P0.8Ga0.2As0.2
2429,2.61,Li8GeN4
2430,3.65,NaNbSe2O7
2437,3.44,EuVO4
2438,2.41,CsRbP2Se8
2439,3.27,Na2In2SiS6
2440,5.5,NaScSe2O6
2444,3.44,Ba6Al4B14O33
2445,2.7,Mg3B50C8
2447,2.3,BaCdSnS4
2450,3.2,Zn0.75Cd0.25Se
2451,6.53,Li4Rb3B7O14
2452,0.93,AgInTe2
2453,0.74,AsTe
2454,1.67,Pb2O3
2455,1.82,K10Sn3P8Se24
2456,1.41,Sm2ZrSe5
2457,2.51,Ba5Ga2Se8
2458,3.5,Ce15B8N25
2459,2.25,In0.1As0.1Ga0.9P0.9
2460,2.99,Sn0.5GaZn3.5O6
2462,1.34,CuIn5S8
2463,2.81,BaGa2GeSe6
2464,2.42,Ga0.25Al0.75As
2465,1.38,Cs2Cu3DyTe4
2467,1.33,Rb1.54Cd1.54Bi2.46S6
2468,1.4,Cu2CdSnS4
2470,3.14,Pb2V3Se5O18
2471,2.3,Li2In2GeSe6
2474,0.34,Fe2Te3
2477,1.84,CuGaInS3.5
2478,2.1,KAg2SbS3
2479,1.57,Tl2Hg3Se4
2481,1.15,La2YbCuSe5
2482,2.0,In2S3
2484,0.19,Ag0.4Cd0.5In2.2Te4
2485,2.8,Cs2Hg3S4
2488,1.32,BiSeI
2489,5.63,MgSe
2491,0.9,In4S5
2492,1.44,Gd2Mn4S7
2493,4.23,YbClWO4
2494,2.8,Ba3Ta5O14N
2496,3.38,Sr2SmTaO6
2497,1.97,CsYbZnSe3
2500,2.47,Hg4As2HfCl6
2502,2.04,KBaSbSe3
2504,1.76,RbMn4In5Se12
2505,2.5,MnSe
2506,1.32,Cu0.15In1.85Se2.85
2507,2.37,KUO3Cl
2508,1.95,CsTb9Cd4Se18
2510,3.81,Cd3MoTe2O10
2514,0.4,Pb0.7Ge0.3Se
2515,2.4,CsInGeS4
2516,0.46,BiTeI
2518,1.6,Cs2Cu2Sb2S5
2519,3.97,Pb2H2P2O6
2520,1.5,Na7.36Ga7.24Sn4.78Se24
2522,0.7,CeN
2523,3.8,KYTe2O6
2524,1.59,Rb4Ti3S14
2525,4.13,BaGa2S4
2526,1.62,CsCd4In5Se12
2528,2.71,BaZnSiSe4
2529,0.46,Pr4Te7
2530,3.0,TeO2
2532,2.3,KV2I3O13
2535,3.25,CaMg2N2
2537,2.61,Pr2.48Tb0.52Ga1.67S7
2538,3.05,Zn3In2S6
2539,1.0,Pb2Bi5.9La2.1S14
2540,1.4,TlAsSe2
2543,2.48,PbSbO2I
2544,0.31,Ba8Ga10Si36
2546,0.15,Pb0.83Sn0.17Te
2547,3.46,KNb3Se2O12
2549,1.3,Tl3AsSe3
2551,2.01,CeMn0.5OSe
2554,2.22,ThOS
2555,1.8,Tl4Nb2S11
2557,1.71,Hg4As2.5InBr3.5
2558,3.25,Li4.5Fe0.5TeO6
2559,2.8,Bi25FeO39
2561,2.3,CdO
2562,0.78,Bi2Te0.1Se2.9
2563,1.8,PbSbBS4
2564,1.72,ZnGa2Se4
2565,1.2,CuBiP2Se6
2566,3.25,Pb10B3O13Br3
2568,1.7,AgBiP2S6
2569,3.02,SrThP2S8
2570,2.18,UO2
2572,3.3,DyB6
2573,0.53,K1.25Pb3.5Bi7.25Se15
2574,1.93,K2Cd2Te3
2575,2.41,Gd4GaSbS9
2576,2.26,NdCuOTe
2580,0.3,OsTe2
2581,3.2,PbBiBO4
2582,2.48,Rb2Hg3Sn2S8
2583,3.5,LiBi4Ta3O12
2584,3.75,BaGa2SiS6
2588,2.04,RbAg2TeS6
2589,6.89,Ba3P3O10Cl
2590,1.5,Sm2Mn3Sb4S12
2592,1.93,CdS0.35Se0.65
2593,0.4,CoAs3
2595,2.18,RbPSe6
2596,0.24,Cu3ErTe3
2597,3.5,KTaO3
2600,0.69,In0.9As0.9Cd0.1Te0.1
2601,1.61,CsZn4In5Se12
2604,10.4,RbF
2610,0.43,CsBi3Se5
2611,0.2,Cu3DySe3
2612,3.25,Bi12PO20
2618,1.66,CuCdInSe3
2619,0.9,RuSbSe
2620,3.6,Co2Te3O8
2621,6.67,Li4SrB2O6
2623,0.64,K4GeSe4
2624,5.7,CdCl2
2626,2.53,Na4MgGe2Se6
2629,1.89,Ba3BSbSe6
2630,1.7,EuLu2Se4
2633,2.85,Na4MgSi2Se6
2634,4.87,CaSe
2635,1.94,CsCeHgSe3
2636,1.96,PbGa2GeSe6
2637,0.69,In0.96As0.96Cd0.04Te0.04
2638,2.3,CsCu2AsS3
2640,2.85,SrLa2S4
2643,0.8,Ga0.8Sb0.8Cd0.2Te0.2
2644,1.2,EuSb2S4
2645,2.64,BaGa4Se7
2646,0.64,KRbBi8Se13
2647,2.3,In0.4Al0.6P
2648,1.18,K8Ga8Si38
2649,0.16,CuFeSe2
2651,0.43,La3Te4
2652,0.8,Rh2S3
2653,0.68,Ga1.01Sb0.99Te0.03
2654,1.74,In0.4P0.4Ga0.6As0.6
2661,1.04,Ge0.1Si0.9
2662,2.9,Y2S3
2663,4.32,Ba3ZnTa2O9
2664,3.61,CuBS2
2666,4.2,Ta2O5
2667,0.04,Pb0.75Sn0.25Se
2668,2.1,Cu2ZnGeS4
2669,1.26,Cu0.2In1.8Se2.8
2672,2.0,RbZrPSe6
2674,1.15,Zn3P2
2678,0.48,NdTe2
2681,4.1,Pb2GeSe4O12
2682,2.43,CsSmZnSe3
2683,2.61,Sb3O4I
2684,4.78,NaBaB5O9
2685,3.7,Bi2SeI2O11
2687,2.22,Dy3Al0.5SiS7
2688,0.85,TlCr5S4Se4
2689,1.83,Nd2ZrS5
2690,1.35,MnTe
2691,2.83,LiInSe2
2692,0.68,Ga1.005Sb0.995Te0.015
2693,3.42,Ba3InS4Cl
2696,2.76,Bi5O7I
2705,3.7,Zn0.99Cd0.01Se
2706,2.18,NaIn3S5
2707,0.3,TiC0.9
2708,3.1,KPbB5O9
2710,0.46,In2Te
2711,1.32,Cu0.4In1.6Se2.6
2713,3.88,BaS
2714,1.1,Cu2In4Te7
2716,2.75,K2Au2SnS4
2718,2.2,K3NaSn3Se8
2719,2.64,Rb2CuNbS4
2720,1.57,AgO
2723,2.19,Rb2TiCu2S4
2727,0.79,Ba3Sn0.87Bi2.13Se8
2728,1.68,K2CuIn3Se6
2730,2.16,KCd4Ga5Se12
2731,1.7,EuGa2Te4
2733,2.6,ScN
2734,3.41,Ba3Gd2P4S16
2735,1.2,K2CsSb
2736,0.2,CoAsSe
2737,2.23,Sm4GaSbS9
2738,2.65,Hg3ZnS2Cl4
2739,10.39,BeO
2740,0.66,Ga1.05Sb0.95Se0.15
2742,4.99,Na3WO4Cl
2745,2.4,In0.01Al0.99P
2746,1.45,Ba4CuGa5Se12
2748,1.67,CsCd4Ga5Te12
2749,0.41,InAsI
2753,0.3,Cu3ScSe3
2759,0.24,HgSc
2760,0.65,Pb4Sb6Se13
2763,0.22,Cs6.40Na1.60Ga8Ge38
2764,1.85,NaYbP2S6
2766,4.84,Rb3NaMo2O8
2767,4.17,BeS
2768,1.0,Ag7AsS6
2771,0.54,Ag0.2Cd0.75In2.1Te4
2773,2.98,NdCuOS
2775,4.6,ZnB12O24H10
2778,1.63,Cs2Hg6S7
2779,4.5,CaB6
2780,1.76,AgIn5S8
2781,1.4,K4P8Te4
2784,2.06,Hg2Br2Te2
2785,0.11,ScNiSb
2787,2.3,Na2Te
2788,4.22,In4As5O12Br3
2790,2.3,TaN
2791,3.1,Na2Mo2Se2O11
2792,2.0,K4Ag9Sb4S12
2793,1.33,K2Gd2Sb2Se9
2795,0.5,RuSbTe
2799,2.12,ZnSiAs2
2800,2.81,Dy3GaS6
2802,1.76,La2Ga0.33SbS5
2804,1.5,UO
2806,2.3,SmS
2807,0.26,InSnAsSe
2809,2.35,Cs4Zr3S14
2810,2.6,Ba7AgGa5S15
2811,2.7,CaNd2S4
2813,2.17,NaIn3Se5
2814,2.5,PSe
2816,0.79,TlScSe2
2818,2.25,Tl2O3
2821,3.2,SrPb3Br8
2822,0.43,CuFeS2
2825,0.31,MnSb2Se4
2826,1.38,K2TeI6
2830,2.0,CsZrPSe6
2832,1.18,Eu3Bi4S9
2833,2.49,Ga0.01Al0.99P
2834,7.6,RbBa2P5O15
2835,0.4,LiMgBi
2841,2.99,Bi25GaO39
2842,2.56,Ba12In4S19
2843,2.65,Cu0.1Ga1.9S2.9
2844,4.05,Bi7F11O5
2846,4.0,Sr4Te3O8Cl4
2847,3.06,BaIn2S4
2851,0.9,SrGe2
2853,2.24,Cd4P2Cl3
2854,0.73,In0.98As0.98Cd0.02Te0.02
2858,3.29,Na2Ga2GeS6
2859,2.12,Ga0.5Al0.5As
2860,3.3,CuScO2
2861,5.3,Gd2O3
2863,2.23,GaAs0.01P0.99
2865,0.9,IrS2
2867,2.05,In0.4Ga0.6P
2870,0.23,Eu1.83Ta15O32
2873,2.4,Ba3Sb2S7
2874,0.8,RuPAs
2875,2.25,KAg2AsS3
2876,4.0,PrBN2
2877,4.4,Sr3Se3O8Cl
2878,7.5,LiBr
2879,1.37,Cd0.95Te0.95Al0.05Sb0.05
2880,1.95,Cs2Ga2Se5
2884,0.3,Pb0.9Ge0.1Se
2887,2.64,Cu2Te3O8
2888,0.6,EuSnTe2
2890,1.35,Ba2InDyTe5
2892,2.37,CsSmHgSe3
2895,3.46,EuSb2BO8
2896,2.02,K4Hf3Se14
2898,2.15,NaCeS3
2901,2.0,LaTaN2O
2902,2.38,Cs4Ta4P4Se24
2904,1.7,EuEr2Se4
2905,1.0,BaGe2
2907,2.4,Bi2CrI2O11
2908,1.47,Ga0.85As0.85Zn0.15Se0.15
2909,2.3,LiInSnS4
2911,2.16,EuGa2Se4
2912,2.36,Na2ZnGe2Se6
2914,3.65,Pr2Te4O11
2915,0.45,CoP3
2918,1.67,RbCu2SbS3
2919,0.9,Tl2Hg3Te4
2923,0.9,Er2Te3
2924,2.63,AgGaSiSe4
2925,1.18,Rb8Ga8Si38
2927,3.45,Li2In2GeS6
2928,3.5,SnBr2
2930,0.4,Bi8Te7S5
2931,2.17,PbGa2SiSe6
2932,1.1,Li2ZnGe
2933,1.0,Na2RbSb
2935,2.28,K2Hg3S2.69Se1.31
2936,2.3,In0.3Al0.7P
2942,2.0,MnTe9
2943,9.33,LiCl
2946,1.43,CuIn2S3.5
2948,0.34,Pb0.93TeGa0.07
2949,3.25,HgCuSe2O6
2951,3.08,CaBi2O4
2954,0.6,DyTe1.40
2955,2.66,Rb3ZnB5O10
2956,1.95,Li0.5Pb1.75GeS4
2959,1.66,Mn1.95GdIn1.05S5
2961,0.67,Ge0.97Si0.03
2962,2.04,Cs2MgGe3Se8
2963,0.21,Hg0.72Cd0.28Te
2964,0.34,Pb0.98Te0.98Ge0.02S0.02
2965,2.06,CsHo9Cd4Se18
2968,3.81,La2BaTe5O14
2969,1.62,RbSbSe2
2970,0.3,VO
2971,2.35,Ag2Ga2SiS6
2972,1.96,RbCu2AsS3
2974,2.0,La5Cu6.33O4S7
2976,0.6,CoAsS
2977,1.8,Ba3La3Cu6O14
2979,1.0,Zn4Sb3
2980,1.45,Cu0.01In1.99Se2.99
2981,2.3,K2Au2Sn2S6
2983,2.29,Ba7Sn5S15
2984,1.87,Se3Te
2987,4.5,NaLa2TaO6
2990,2.3,Cs3Sb2Br9
2992,1.55,Ca3N2
2994,0.23,Cu3SmTe3
2995,1.54,KCeSe4
2996,3.4,BaAl4Se7
3004,2.93,NaCdAsS3
3007,0.8,Zn0.55Hg0.45Se
3010,3.26,Li2CdSnS4
3011,2.37,Rb2Cd3Se4
3012,0.46,SmSe
3014,0.85,In0.8As0.8Ga0.2P0.2
3016,6.53,Li4Cs3B7O14
3017,2.92,Rb2Cd3S4
3019,1.71,CdSc
3021,2.54,NaSmP2S6
3025,0.74,Gd2Te3
3028,0.9,KSb
3029,3.7,CaZnOS
3031,2.32,BaAuI5O15
3032,0.66,Mg2Co
3035,2.2,AgGaO2
3036,0.36,Pb0.85Ge0.15Te
3040,0.29,Pb0.95Se0.95Ge0.05S0.05
3042,2.0,Bi4V2O11
3044,2.0,HgIn2S4
3045,1.79,Li4.5Cr0.5TeO6
3046,1.28,ErIn3S6
3048,7.33,Na2B6O9F2
3052,4.5,Sr5V3O12F
3054,2.13,CdS0.65Se0.35
3055,1.6,HgSnO3
3057,1.45,RbCu2VS4
3058,3.24,Pb6B4O13H2
3061,1.5,LaZnAsO
3062,0.38,RuP4
3063,2.7,CaLa2S4
3064,3.0,Sn0.5GaZn4.5O7
3065,1.95,Ba2GaErSe5
3067,0.7,Se0.4Te0.6
3069,4.29,Cd12Ge17B8O58
3070,3.68,Ca2ScSbO6
3072,2.3,Cu1.8S
3073,1.7,LaNbON2
3075,2.5,RbIn5S6
3079,0.4,AlBi
3080,1.83,Rb2AgVS4
3081,2.26,Sm3Al0.33SiS7
3082,2.8,NaInSe2
3083,0.54,LaP
3086,1.95,TiS2
3089,1.86,CsLu7S11
3090,0.32,FeP4
3091,4.68,CsSbS2O8
3092,0.4,OsSbSe
3093,1.55,In0.5As0.5Ga0.5P0.5
3094,2.37,ZnTc
3095,2.75,Ba2ZnSe3
3096,0.88,Cu3YSe3
3097,2.31,Ba2GaYSe5
3099,0.18,AgSO4
3101,0.5,Ce4Te7
3102,2.34,BaSbBS4
3103,1.42,Li2FeGeS4
3104,1.1,Ce3LuSe6
3105,0.68,Ga1.05Sb0.95Te0.15
3106,2.16,CsInTe2
3107,0.64,Ga1.005Sb0.995Se0.015
3109,1.0,PrAs
3110,4.9,Li4.5Al0.5TeO6
3111,2.36,K2Cd3Se4
3112,0.12,Pb0.72Se0.72Sn0.28Te0.28
3113,2.52,AgBr
3114,3.0,Ba2Ga8GeS16
3116,2.9,ZnGeN2
3117,3.3,Ba3Ho2P4S16
3119,1.57,Hg5AsS2I3
3120,3.9,Cd3BiP3O12
3121,1.85,EuH2
3123,3.9,BaZnOS
3124,1.5,InBi2S4Cl
3125,1.1,TeI
3126,2.4,Rb2PtI6O18
3128,1.28,Cs1.43Cd1.43Bi2.57S6
3129,1.29,InP2Se4
3132,3.26,Cs2Ga2S5
3133,0.04,Pb0.75Sn0.25Te
3135,3.73,Pb3Br2Se2O6
3136,2.55,Ba4Ga2S8
3137,1.55,CuGa0.4In1.6S3.5
3139,1.53,K3Nb2AsSe11
3143,3.1,Li2CdGeS4
3144,3.65,Li2Ga2GeS6
3145,6.32,LiKCO3
3147,0.34,Cu3DyTe3
3148,1.6,MoSe2
3149,2.73,LaInS2O
3151,2.0,K2MnSn2Se6
3152,0.63,Ga1.02Sb0.98Se0.06
3153,1.81,Ga0.7Al0.3As
3154,0.7,CuInCd2Te3
3155,2.06,Tl2TeBr6
3157,2.7,CuNiC4N4
3158,3.16,BaGa2Se4
3159,1.15,Ga0.8Sb0.8Zn0.2Te0.2
3160,1.8,EuDy2Se4
3161,1.22,Tm4Sb2Se11.68
3163,0.2,RbHgSbTe3
3164,1.4,OsPSe
3166,0.26,PbTe0.01Se0.99
3167,0.08,Pb0.93Sn0.07Se
3168,4.1,Al2S3
3169,2.13,BaV2SeO8
3170,0.85,La4FeSb2Se10
3171,3.3,B6P
3172,1.39,Ba5Ga6GeP12
3173,3.5,ErB6
3174,0.72,Ga0.99Sb0.99Zn0.01Te0.01
3175,0.94,TlCr5S6Se2
3176,1.55,AgScP2Se6
3177,1.02,YbAs
3182,2.14,Ag0.5Eu1.75GeS4
3183,1.5,GaAs0.9P0.1
3185,2.46,Na2BaSnSe4
3187,1.77,Cs2AgVS4
3189,2.84,Pb6BBrO7
3190,0.26,EuIr4In2Ge4
3191,0.32,Pb0.85Se0.85Ge0.15Te0.15
3195,2.12,Pb3O4
3201,2.31,Ba8Sn4S15
3204,2.4,CsCdInSe3
3205,0.7,Sm2Sn3Se9
3206,0.8,LaSb
3207,2.51,K6CdTe4
3208,0.18,Ag2PdO2
3209,2.2,BaAgSbS3
3211,2.16,GaAs0.3P0.7
3212,2.75,Ba3CdSn2S8
3213,1.6,AsSb
3215,1.8,InSb2S4Br
3216,2.7,AgLi0.33Sn0.67O2
3217,3.06,Li2MnGeS4
3218,2.3,Ag3Ga3SiSe8
3219,2.78,K0.8Hg1.2Sn2S8
3220,0.15,Bi1.8Te3Sb0.2
3221,0.62,Cs2Sb
3222,1.98,Nd10OSe14
3223,1.7,KCu2SbS3
3224,3.85,Li6Ga2Te8O22
3225,2.54,Hg7InS6Cl5
3227,4.19,Na2GdP2O8
3228,2.87,Ba3V2Se4O16
3234,1.0,Cu3VS4
3236,1.15,RhAs2
3237,4.2,Ca3BiP3O12
3238,4.0,BeSe
3239,2.35,BaSn2S5
3240,0.28,Pb0.97Se0.97Ge0.03S0.03
3241,3.54,SmSb2BO8
3244,1.1,GaGeTe
3245,1.5,YbSe
3246,4.8,BaO
3247,3.7,CBr4
3248,5.4,La2O3
3250,2.49,Ag2CdP2S6
3251,2.59,Ga0.01As0.01Zn0.99Se0.99
3252,2.75,K2Cd3S4
3253,0.66,PrSb
3254,2.67,PbSbO2Br
3255,2.2,Ba2InNdSe5
3256,3.09,CsCd4Ga5S12
3257,2.32,Rb2HgP2Se6
3259,1.4,AgBiP2Se6
3260,2.35,Ba2GaDySe5
3261,11.1,MgF2
3263,3.7,Zn0.99S0.99Ga0.01P0.01
3264,2.13,Ga0.5P0.5Zn0.5Se0.5
3265,2.26,KBaAsSe3
3266,1.7,CsSbSe2
3268,3.76,CdP2S4
3269,0.4,BiSe
3270,2.0,NiC2N2
3271,0.13,AgPbBiSe3
3272,1.3,OsAsS
3273,2.3,Rb6P3S15
3274,5.42,Er2O3
3275,0.6,RhSe2
3277,1.6,Nd3Te4
3278,0.88,Ge0.7Si0.3
3279,0.2,InSn2As2Se
3281,1.2,Se0.6Te0.4
3282,0.68,In0.95As0.95Cd0.05Te0.05
3284,2.6,K6Yb3P5S20
3286,0.95,GeP
3287,0.5,Nd2Sn3Se9
3290,2.6,SmCuOSe
3291,2.4,Cs2CuP3S9
3292,1.39,Ba2AsGaSe5
3293,2.48,Ta0.67Zr1.33O1.89N1.63
3294,1.99,CsDy9Cd4Se18
3295,0.27,InSb0.9As0.1
3297,1.04,NdAs
3298,0.47,AgInCd2Te3
3299,0.68,In0.93As0.93Cd0.07Te0.07
3302,1.35,Ga0.01Sb0.01Cd0.99Te0.99
3303,5.63,Mg5B3O9F
3305,3.5,KAlGeS4
3306,2.4,CsCeCdSe3
3308,0.88,TcSe2
3310,0.19,LaSi2
3311,1.06,Ge0.06Si0.94
3315,0.95,Hg0.6Cd0.4Se
3316,1.66,BaLa2In2Se7
3318,2.18,Ga0.75P0.75Zn0.25Se0.25
3319,2.01,La2ZrS5
3321,0.15,Bi2Te2.97Se0.03
3322,1.75,Ba2Cu2ThSe5
3323,3.44,BaReH9
3324,2.8,Hg3Te2Bi2Cl8
3325,1.71,Ta1.33Zr0.67O0.12N3.03
3328,0.4,Pb0.8Ge0.2Te
3331,3.62,BiTeNO6
3332,0.6,MnSi
3333,1.48,K2PdSe10
3334,1.7,CsCuSb2S4
3335,1.98,Li6Fe2Te8O22
3336,2.04,CsAg2TeS6
3337,2.0,KAg11V4O16
3338,1.75,Ce2Se3
3341,1.8,GaAs0.7P0.3
3342,3.68,Li3PS4
3343,2.45,SrNd2S4
3344,0.06,Hg0.796Cd0.204Te
3345,1.87,Ba2GaGdSe5
3347,0.8,TlCr5S3Se5
3348,0.48,Pb0.7Ge0.3Te
3350,3.8,CdI2
3352,0.7,Li3Bi
3353,1.5,EuIn2S4
3354,2.48,Rb3Sb2Br9
3355,3.6,SnO2
3356,2.5,LaS1.86Se0.14
3358,1.43,Dy4S4Te3
3359,0.95,Ca2CdAs2
3360,0.28,Bi2Te0.9Se2.1
3362,2.4,P2Se3
3363,2.3,Ga0.8Al0.2P
3365,3.61,Li2In2SiS6
3367,3.9,SnCl2
3369,2.2,Ba5Ga4Se10
3371,2.2,In0.3Ga0.7P
3372,1.04,Rb2Cu2Sn2Se6
3373,0.7,RhSe3
3374,0.13,InSb0.6As0.4
3375,4.47,CdBr2
3376,1.78,CsLu7Se11
3378,3.27,Cs3W3PO13
3379,5.5,Lu2O3
3381,2.3,RbAg2SbS4
3382,1.25,Cd4Sb3
3383,2.0,Li2B6
3385,3.0,K2ZnTe2
3387,2.9,Pb6B2MoO12
3388,1.2,Eu3P2
3389,3.54,Zn0.2Ba2B2S5.2
3390,2.17,AgGaGe3Se8
3391,3.5,CuAlS2
3392,3.28,Ba3Dy2P4S16
3393,1.1,CuZn2InSe4
3394,0.2,PdSe
3395,1.0,Se0.5Te0.5
3396,0.19,Bi1Te3Sb1
3398,1.32,Pr2Ge2Se7
3402,0.41,La2CoVO6
3403,2.2,Tl4CuTeO6
3404,1.95,Sb5O7I
3405,3.4,HgBrCl
3406,1.88,RbGaSnSe4
3407,4.77,Na3MoO4F
3408,3.78,YFMoO4
3413,7.6,KBr
3415,1.0,PrTe1.9
3416,3.26,Hg3S2Bi2Cl8
3419,3.4,TlGaS2
3421,1.36,Ba2InSmTe5
3422,3.5,SmB6
3423,1.4,Ga0.99In0.01As
3424,2.33,Rb2Sn3Sb2S10
3425,2.92,BiOBr
3428,1.63,Ba4Ga2Se8
3429,1.67,Mg2Ge
3430,2.4,Rb3Al3Ge7Se20
3431,1.99,SrTaO2N
3433,0.59,Pb0.99TeTl0.01
3434,1.48,CsMn4In5Te12
3435,2.2,K3SmAs2S8
3436,2.74,EuAl2O4
3437,3.4,Cr2O3
3439,2.23,K3Ga3Ge7Se20
3440,1.71,Yb4Sb2S11.25
3441,1.9,Ca2Si
3442,2.62,Pb14B2O14Br6
3444,0.6,DyTe1.45
3447,1.0,YbSb
3448,1.96,Cu0.05Ga1.95Se2.95
3449,1.5,Nd1.33Lu0.67S3
3450,1.03,LaIn3S6
3451,1.87,CsGaSn2Se6
3452,2.36,CsKP2Se8
3458,2.3,YbGa2S4
3459,2.1,CuSmSe2
3460,0.21,InSb0.8As0.2
3461,0.18,Pb0.85Se0.85Sn0.15Te0.15
3463,2.45,SrCrO4
3481,3.0,Dy2S3
3506,2.06,Bi4PdSe4O12
3507,1.23,Cd3In2S2Te4
3509,0.36,Pb0.8Se0.8Ge0.2Te0.2
3510,0.94,Ag1.75InSb5.75Se11
3511,3.38,K2Dy2Ti3O10
3512,2.75,ZrS2
3514,1.5,GeI2
3516,2.0,Ir0.67S2
3517,1.5,Pb2MnO4
3519,3.1,SrZnSO
3520,1.91,Ge0.653Si0.347
3522,2.6,Cu2Ta4O11
3523,0.8,K4GeS4
3524,0.9,Ge0.6Si0.4
3529,2.75,Li4HgGe2S7
3533,2.0,SiB3
3542,3.2,LiMgN
3543,1.6,RbCuSb2S4
3548,3.13,Hg6P6In2Cl9
3550,2.49,Sn3WO6
3554,3.0,CdSnO3
3555,0.14,Pb0.8Se0.8Sn0.2Te0.2
3560,5.69,CsZn2B3O7
3561,0.78,Ga0.9Sb0.9Cd0.1Te0.1
3562,4.81,NH7Se2O6
3564,2.16,KPSe6
3566,1.6,Ga0.85Al0.15As
3568,2.4,Ga0.05P0.05Zn0.95Se0.95
3569,1.06,KFeCuTe2
3570,2.6,AsBr3
3572,1.0,Ga0.7In0.3As
3575,1.0,ReS2
3576,3.4,CdMoSb4O10
3578,0.7,Ga1.002Sb0.998Se0.006
3579,4.0,As2O3
3581,3.7,Na2BaGeS4
3582,1.13,Ba2GaDyTe5
3583,0.32,NaB15
3586,0.9,AgBiS2
3587,2.04,SnGa2GeS6
3589,0.23,NiTe
3591,1.25,Pr2YbCuS5
3592,2.3,KInSnS4
3595,1.6,La2O2MnSe2
3596,0.9,Er3Te4
3597,2.5,RbTbSe2
3599,2.38,Na2Ge2Se5
3600,2.25,PbCrO4
3601,1.83,Ag0.5Pb1.75GeS4
3602,2.09,CsEr9Cd4Se18
3605,3.0,Cu3TaS4
3608,2.56,AgCd3PS6
3609,0.72,Cu3YTe3
3611,0.21,Bi2Te2.7Se0.3
3613,2.25,K2HgP2Se6
3614,0.93,Tl2PrInSe4
3615,1.88,Gd2ZrS5
3616,2.68,Pr2S3
3619,2.33,K6Cd4Sn3Se13
3620,0.44,Pb0.75Ge0.25Te
3622,2.89,BeTe
3623,0.37,Pb0.96TeGa0.04
3624,1.61,NdLuSe3
3625,0.72,Bi6Cu3S10I
3626,4.9,LiH3Se2O6
3627,1.87,BaLa2In2S7
3628,7.3,Li3Cs2B5O10
3629,1.51,TlScS2
3632,1.4,Zn0.75Hg0.25Se
3633,1.8,K2Ge4Se8
3639,1.92,Dy2Mo3O12
3640,2.3,Li2PtO3
3641,0.37,PbSe0.01S0.99
3643,1.07,Eu2SnSe5
3644,1.52,Ba6Sn6Se13
3645,2.35,As2S6
3646,3.35,Rb2CdBr2I2
3648,2.12,Ba2In2Se5
3649,1.89,Cs3Sb2I9
3651,1.51,Ag0.5Pb1.75GeSe4
3653,2.47,Sr2V3Se5O18
3655,0.7,Nd2HfS5
3656,3.2,Nb6VSb3O25
3659,1.32,Sn2BiSI5
3662,2.3,K10Mn4Sn4S17
3666,3.0,AgGaGeS4
3668,0.95,TiCoSb
3671,2.0,PrTaN2O
3672,3.05,Pr2Sr2PtO7.07
3675,2.2,Cs4In8GeSe16
3676,2.3,Tl6CuTe2O10
3677,3.12,InPS4
3678,2.3,BaCuTeF
3679,1.1,Ge0.2Si0.8
3680,2.13,Ba5In4Te4S7
3681,1.79,CsMn4In5Se12
3684,1.36,LiSbS2
3687,3.8,Be3N2
3689,2.74,Cs39Cl6Ga53Se96
3697,0.67,Be3Sb2
3701,3.5,CuYO2
3702,0.97,TlCr5S7Se
3703,3.0,GaVTe2O8
3705,1.0,Zn0.65Hg0.35Se
3706,0.28,Pb0.95Ge0.05Se
3708,10.5,NaF
3710,2.51,VTeO5H
3712,1.55,CsMn4Ga5Te12
3714,5.22,Yb2O3
3715,1.35,Ba2InCeTe5
3717,2.15,In0.2As0.2Ga0.8P0.8
3719,1.31,PbCuSbS3
3720,4.59,Ba2CdB6O12
3726,5.6,Y2O3
3730,2.16,Ag2VI3O11
3732,0.68,LiSbSe2
3734,2.12,Cs2ZnSn3Se8
3737,2.3,Eu2Ga2GeS7
3738,2.8,TlHg6Se4Br5
3740,2.52,La2Sr2PtO7.13
3741,1.46,KCu3S2
3747,3.33,CdCuSe2O6
3749,1.47,AgP15
3750,0.59,SmSb
3751,1.0,IrAs2
3752,0.29,PbTe0.5Se0.5
3753,5.4,KScSe2O6
3757,1.89,Pr4InSbSe9
3758,1.8,Cd0.6Te0.6Al0.4Sb0.4
3759,2.59,Cu2Ta11O30
3761,2.04,La10OSe14
3763,2.2,K2La2Sb2S9
3764,1.5,AgPdI3O9
3765,2.9,Bi2Mo3O12
3766,0.4,Se0.2Te0.8
3767,2.43,Ga0.2Al0.8P
3769,0.12,InSb0.2As0.8
3771,0.58,MnAl3
3776,1.8,EuTm2Se4
3777,3.12,BaTeMo2O9
3778,2.8,Mg3N2
3779,1.92,Ba2InSbSe5
3780,0.56,TiTlSe2
3781,1.45,Ca3La2Sn3S12
3782,2.4,Cs2PtI6O18
3784,1.85,EuCu2SnS4
3786,2.25,Na2BaGeSe4
3788,0.75,Sr3GeSb2Se8
3789,2.43,K2Ho4Cu4S9
3790,1.02,La2CoTiO6
3791,1.7,In0.8Al0.2P
3793,1.44,Cu2ZnSnSe4
3794,2.3,Ga0.1P0.1Zn0.9Se0.9
3795,3.0,LiBi4Nb3O12
3796,3.25,K3Ga3Ge7S20
3797,2.28,K2Au2Sn2Se6
3799,1.0,TcS2
3800,3.0,SnO
3802,0.65,GaAs0.75Sb0.25
3803,1.33,BaIr2Ge4Se6
3804,4.0,KInTe2O6
3805,3.9,ZnSnO3
3807,2.6,Ca5Bi14O26
3808,0.72,Ga1.001Sb0.999Te0.003
3811,2.2,Gd6Ge2.5S14
3812,2.0,KZrPSe6
3813,2.6,Ba5CdGa6Se15
3827,0.2,Bi0.6Te3Sb1.4
3896,0.0,AgCNO
3897,0.0,Al13Ru4
3898,0.0,SiTe2Os
3899,0.0,HoMg2
3900,0.0,UAl4
3901,0.0,SmCoC2
3902,0.0,Ag9Pb4O12
3903,0.0,NaZr2TiF11
3904,0.0,ScRh
3905,0.0,HoSi2Pt2
3906,0.0,Li3VOF5
3907,0.0,Ti2ZnS4
3908,0.0,KV6O11
3909,0.0,ErMg2
3910,0.0,CsAs2Ru2
3911,0.0,In2Pt
3912,0.0,Rh3Pb
3913,0.0,Ba3CrS5
3914,0.0,Si2SbO6
3915,0.0,ReBiO3
3916,0.0,MgSc
3917,0.0,Cu10Sb3
3918,0.0,Ce2Ti2O7
3919,0.0,Sr8Fe3N8
3920,0.0,Re3P4
3921,0.0,TiPO4
3922,0.0,SrCd
3923,0.0,NbOsPb
3924,0.0,ZrGeRu
3925,0.0,Y2Ru2O7
3926,0.0,La2Rh7
3927,0.0,Hf4Al3
3928,0.0,Dy2TlCd
3929,0.0,SrNi5As3
3930,0.0,Cr2SbTe
3931,0.0,DyNiSn
3932,0.0,Zn2SnN2
3933,0.0,TiAlAu2
3934,0.0,Dy5Sn3
3935,0.0,Yb2MgS4
3936,0.0,Mg2RhAu
3937,0.0,CeSi2Pt
3938,0.0,NdAu3
3939,0.0,Li3Mo2P5O18
3940,0.0,Tl16O15F17
3941,0.0,DySi2Cu2
3942,0.0,Ga5Pd13
3943,0.0,CeTl3
3944,0.0,Ni3S4
3945,0.0,Sr2MgReO6
3946,0.0,NaLu(Pd3O4)2
3947,0.0,Na2Tl
3948,0.0,Tc3Pd
3949,0.0,Ce3Ta(ClO2)3
3950,0.0,BaAlCu4O7
3951,0.0,CrSiCu2
3952,0.0,Nd4MgRu
3953,0.0,Hf5CuPb3
3954,0.0,Lu2Mn12P7
3955,0.0,DyBiPt
3956,0.0,CrNiAs
3957,0.0,ZrMo3
3958,0.0,Cu4Pd
3959,0.0,Li2Ga
3960,0.0,La3B2N4
3961,0.0,Mg9CuO10
3962,0.0,Au3S
3963,0.0,RbCd13
3964,0.0,TbBa2IrO6
3965,0.0,Cu9O13
3966,0.0,Ni2PO5
3967,0.0,SrV13O18
3968,0.0,NaNi2O3
3969,0.0,Th2CrN3
3970,0.0,Sc5Bi3
3971,0.0,Hf3P3Pd4
3972,0.0,Mg17Al11Pd
3973,0.0,EuZn
3974,0.0,ReRuOs
3975,0.0,Y2Ge5Ir3
3976,0.0,Zr3Ir
3977,0.0,Li4Cu(PO4)2
3978,0.0,Sm2Fe17
3979,0.0,Ni2Mo3N
3980,0.0,Li5Fe2Ni3O10
3981,0.0,NaSi2Pd3
3982,0.0,Y3Ge4
3983,0.0,Mg2AgIr
3984,0.0,ThAl
3985,0.0,NdInAu
3986,0.0,Sc2GaIr
3987,0.0,GdInIr
3988,0.0,GePt2
3989,0.0,LiGaAg2
3990,0.0,YbH3O3
3991,0.0,ThPSe
3992,0.0,SmAg
3993,0.0,Cr10Sb3Te7
3994,0.0,ZrAl5Ni2
3995,0.0,ZrPd3
3996,0.0,Te2Au
3997,0.0,Sm6Br13
3998,0.0,Ba5Ge3
3999,0.0,La2Si5Rh3
4000,0.0,Nd2IrPd
4001,0.0,Ag7NO11
4002,0.0,V6PbO11
4003,0.0,Nd3Ge5
4004,0.0,ReIr3
4005,0.0,ZrNiSn
4006,0.0,MgAs4Rh6
4007,0.0,CeSbO3
4008,0.0,NdCo2Si2
4009,0.0,Nd5Ge4
4010,0.0,Rb3Mn
4011,0.0,Ba5Al2Ge7
4012,0.0,LiThAu2
4013,0.0,Sn5B2Rh6
4014,0.0,Tl2CdTe4
4015,0.0,EuCsF3
4016,0.0,YbNd3
4017,0.0,LiV3O4
4018,0.0,Ag3RuO4
4019,0.0,LiAlRh2
4020,0.0,LaAl4
4021,0.0,PrMo3
4022,0.0,KOs2O6
4023,0.0,Rb5Tl3O
4024,0.0,YCu3(WO3)4
4025,0.0,La5SmS8
4026,0.0,Eu2Ga9Rh3
4027,0.0,USi2Ni2
4028,0.0,RbMnTe2
4029,0.0,MnSbPd
4030,0.0,Ti13S24
4031,0.0,Sm2CuAs3O
4032,0.0,FePd2Se2
4033,0.0,SiBi3O7
4034,0.0,Al2Cu3Se6
4035,0.0,Sm2Pd2Pb
4036,0.0,CaZn3
4037,0.0,U2AlCo3
4038,0.0,LiSn4Ir
4039,0.0,PmSnRh2
4040,0.0,HfSiPt
4041,0.0,ScSi3Ni
4042,0.0,YHg2
4043,0.0,Ag9Ge2IO8
4044,0.0,U2Al3C4
4045,0.0,Li2Ni2SbO6
4046,0.0,Th2In
4047,0.0,Ti2NiH
4048,0.0,Te2MoWS2
4049,0.0,SrAl
4050,0.0,Ca3Sn2S7
4051,0.0,VCu3(PO4)4
4052,0.0,RbU2SbS8
4053,0.0,YMgGa
4054,0.0,Ni3Ge
4055,0.0,Ca6Cu2Sn7
4056,0.0,Co3W
4057,0.0,YbAgGe
4058,0.0,YSi2Ru2
4059,0.0,LaIn
4060,0.0,Re3F
4061,0.0,NdAgPb
4062,0.0,Sr2ZnReO6
4063,0.0,Mn3Cr3(TeO8)2
4064,0.0,Sc3Re2Si4
4065,0.0,GdNi2Ge2
4066,0.0,CaVO2
4067,0.0,ICl2
4068,0.0,Ba3Te
4069,0.0,NdSi2Ir2
4070,0.0,MnTcOs
4071,0.0,B5Mo2
4072,0.0,Zn3Cu
4073,0.0,Yb3Ti3O14
4074,0.0,Li2MnO2F
4075,0.0,Nd3Ni13B2
4076,0.0,InPt
4077,0.0,CuSeO3
4078,0.0,CaTiO2
4079,0.0,NaLi3
4080,0.0,VTc
4081,0.0,LiY(CuP)2
4082,0.0,LiMnP2O7
4083,0.0,U5Ge3
4084,0.0,YZn5
4085,0.0,Li4FeNi3O8
4086,0.0,NdMnSbO
4087,0.0,TiFe2Sb
4088,0.0,EuMg2Bi2
4089,0.0,KCuPO4
4090,0.0,PrLuIn2
4091,0.0,Rb2FeI4
4092,0.0,Ba3ZrRu2O9
4093,0.0,Gd3Al2Ni6
4094,0.0,LaAl12O19
4095,0.0,FePd3
4096,0.0,Na2Ti2Sb2O
4097,0.0,LiCa2Mg
4098,0.0,TiFeH2
4099,0.0,BaMnO3
4100,0.0,YDyAg2
4101,0.0,ReSn3
4102,0.0,Cu25Se26
4103,0.0,Ag2BBr
4104,0.0,HoCu4Pd
4105,0.0,CsIrO3
4106,0.0,Cs2Mo15S19
4107,0.0,Zr2CuS4
4108,0.0,Mn5Ge2
4109,0.0,KTm
4110,0.0,Fe2O2F3
4111,0.0,La2Ni5B4
4112,0.0,LaIn2Ir
4113,0.0,Cs5Mo21Se23
4114,0.0,Ti4ZnO8
4115,0.0,Yb5Au4
4116,0.0,Tl5Te3
4117,0.0,K2Mn3S4
4118,0.0,Sb2Te
4119,0.0,ZnSb3
4120,0.0,GaFeNi2
4121,0.0,Ho3Hg
4122,0.0,ErCu2Ge2
4123,0.0,CeBC
4124,0.0,V12P7
4125,0.0,LiMnO2
4126,0.0,Dy12Co7
4127,0.0,Sc5Pb3
4128,0.0,LiCu2Ge
4129,0.0,Cu3Se2(ClO3)2
4130,0.0,SmHoZn2
4131,0.0,LiCu3O3
4132,0.0,BaAs2Pd2
4133,0.0,Pm2PtAu
4134,0.0,CeInIr
4135,0.0,Dy2CuOs
4136,0.0,Y2C3
4137,0.0,NaZrCuTe3
4138,0.0,HoMgAu2
4139,0.0,La2B4Rh5
4140,0.0,CuCN2
4141,0.0,La4In5S13
4142,0.0,YB2C
4143,0.0,PW5O17
4144,0.0,RbC8
4145,0.0,YErRh2
4146,0.0,MnP2
4147,0.0,BSe2Cl
4148,0.0,LaV
4149,0.0,FeSn
4150,0.0,Nb3Te
4151,0.0,Lu7Ni2Te2
4152,0.0,MgSbF6
4153,0.0,Li2Ni3O6
4154,0.0,CrNiP2O9
4155,0.0,HoGe
4156,0.0,AgAu2S2
4157,0.0,ThRu3C
4158,0.0,Sn5B2Ir6
4159,0.0,Na2VCuF7
4160,0.0,NaTi5Se8
4161,0.0,Yb3Tc
4162,0.0,Cr2GeC
4163,0.0,HoTiGe
4164,0.0,Ca3Au4
4165,0.0,ZnIrO3
4166,0.0,HoCdCu4
4167,0.0,MgInAg2
4168,0.0,Cu23Sb8S26
4169,0.0,Lu2TlCd
4170,0.0,Ti2TcPd
4171,0.0,Na2SO4
4172,0.0,Al6Ru
4173,0.0,DyIr2
4174,0.0,Nb3Bi
4175,0.0,Mn3Al10
4176,0.0,ScCu2
4177,0.0,YbGa8Co2
4178,0.0,YbSi2Ag2
4179,0.0,CaTi4O8
4180,0.0,Na5Cu7O13
4181,0.0,TbFe4P12
4182,0.0,NdSb
4183,0.0,Sm4U4O17
4184,0.0,Ba3CaRu2O9
4185,0.0,LiSnAu
4186,0.0,DyZnRh2
4187,0.0,CoAsRh
4188,0.0,Sm2AgRu
4189,0.0,MnCu2Sn
4190,0.0,K3UF3
4191,0.0,Sm2AlCd
4192,0.0,Na2Cr7O14
4193,0.0,TlSn
4194,0.0,LuC2
4195,0.0,TlCoBi
4196,0.0,UAl3
4197,0.0,Er2Ga9Co3
4198,0.0,Nb3Ru
4199,0.0,FeP
4200,0.0,La2Pr2O7
4201,0.0,V2TcRu
4202,0.0,NdRe4Si2
4203,0.0,CaAg2Ge2
4204,0.0,HfCo2Si2
4205,0.0,LaSi2Ru
4206,0.0,Rb3Sm
4207,0.0,Si2Ni6B
4208,0.0,LiTlPd2
4209,0.0,Ga2NiS4
4210,0.0,CsTiCl3
4211,0.0,ZrNi4P2
4212,0.0,FeAg3(CN)6
4213,0.0,Bi2O5
4214,0.0,FeAs2O7
4215,0.0,Ce2SiSeO4
4216,0.0,PrFeGe2
4217,0.0,LiTiSiO4
4218,0.0,TbPt
4219,0.0,Tm2In
4220,0.0,YbRh2
4221,0.0,Sm3Al
4222,0.0,TmAu
4223,0.0,Sc2Al3Ru
4224,0.0,U3Se4
4225,0.0,Ce5Si3
4226,0.0,Pm2LiGa
4227,0.0,SmBPd3
4228,0.0,Mg5Ti13O30
4229,0.0,ZrSiTe
4230,0.0,HoNiGe
4231,0.0,LuSiIr
4232,0.0,KRuO4
4233,0.0,KAgF3
4234,0.0,Al9Ir2
4235,0.0,ZrRh
4236,0.0,SmCrGe3
4237,0.0,Ba2LiFe2N3
4238,0.0,Hf3Ni4Ge4
4239,0.0,Na3In2Au
4240,0.0,La2In
4241,0.0,P2H12N7Cl
4242,0.0,Nd3Ge2Ru2
4243,0.0,Ho4Ga16Co3
4244,0.0,Ta22Cu3S36
4245,0.0,Ti3PO7
4246,0.0,Te3MoWS
4247,0.0,TaF3
4248,0.0,YbSn2Pd
4249,0.0,LiLu2Ru
4250,0.0,Nb4Co2PdSe12
4251,0.0,Mg3Mn2Al18
4252,0.0,Pr2Ir2O7
4253,0.0,Li8PrO6
4254,0.0,DyInAu
4255,0.0,Yb2SrS4
4256,0.0,Sc4Ge6Rh7
4257,0.0,Na2In5Au6
4258,0.0,CeCo2As2
4259,0.0,EuPPt
4260,0.0,Co5Ge7
4261,0.0,HoMn6Sn6
4262,0.0,Li17Ti20O40
4263,0.0,YSiRu
4264,0.0,SmAu3
4265,0.0,SiHg3
4266,0.0,CdPt
4267,0.0,HoBi2O6
4268,0.0,PmCdPd2
4269,0.0,Tm2ZnGa
4270,0.0,Al2CoIr
4271,0.0,MgCo2(PO5)2
4272,0.0,Sn3P3O13
4273,0.0,ScTi9N9
4274,0.0,BaZn5
4275,0.0,Ge5Te8As2
4276,0.0,Hf3Sb
4277,0.0,Hf2Al3C4
4278,0.0,BaB2Rh2
4279,0.0,Zn3N2
4280,0.0,Ba2Ce2O5
4281,0.0,LiAl2Tc
4282,0.0,Zr2In5Ni
4283,0.0,LuUO3
4284,0.0,U2Zn17
4285,0.0,CeAgSn
4286,0.0,Ho2CuRh
4287,0.0,Ba2Cu5F14
4288,0.0,Sr2Cu(ClO)2
4289,0.0,YbLaZn2
4290,0.0,ZrNiGe
4291,0.0,Zr7Sb4
4292,0.0,DyGe2Ru2
4293,0.0,Mg2PdAu
4294,0.0,BaNi2P4
4295,0.0,RbNa2NiO2
4296,0.0,HoMgZn2
4297,0.0,Ba4Si20Au3
4298,0.0,HgPt
4299,0.0,Hf2S
4300,0.0,CrAs
4301,0.0,MgCuSn
4302,0.0,YbIn4Ni
4303,0.0,Sm2IrPd
4304,0.0,Dy2Sn5
4305,0.0,MgFe4O8
4306,0.0,LiLu2Tc
4307,0.0,ThSi2Ru2
4308,0.0,USeS
4309,0.0,Er2C3
4310,0.0,Pr3Al4Si6
4311,0.0,TmBRh3
4312,0.0,Li5Mn3(FeO5)2
4313,0.0,DySn3
4314,0.0,EuSbO3
4315,0.0,Tm3Ge4Pd4
4316,0.0,Li3Ni(SbO3)4
4317,0.0,DyFeSi
4318,0.0,Ta3P
4319,0.0,YbBa4(CuO3)3
4320,0.0,NdCo2Ge2
4321,0.0,Lu2Al3Co
4322,0.0,Yb3Al5O12
4323,0.0,CoMoP2
4324,0.0,Ce5CuSe8
4325,0.0,TbCo2B2
4326,0.0,ErRu3
4327,0.0,Al2Ru
4328,0.0,MnCdO2
4329,0.0,Rb3Ga
4330,0.0,U3Ni3Sn4
4331,0.0,TbAl8Fe4
4332,0.0,LuCdAg2
4333,0.0,Cr7C3
4334,0.0,BePd3
4335,0.0,LiAlB4
4336,0.0,LuBPd3
4337,0.0,Ca5Ir
4338,0.0,Ho2Au
4339,0.0,ThPd3
4340,0.0,Th6Mg23
4341,0.0,Ca3Ga2Pt2
4342,0.0,PrGaAu2
4343,0.0,Sm2In
4344,0.0,Mo3Pd2N
4345,0.0,Y2AlZn
4346,0.0,SmIn2Rh
4347,0.0,Na3W4O12
4348,0.0,Al9Rh2
4349,0.0,PH2NO2
4350,0.0,Li6Mn5FeO12
4351,0.0,CoH2(SN)4
4352,0.0,Ba3PN
4353,0.0,Zr5Al3C
4354,0.0,Li3Mn3WO8
4355,0.0,LiFe2(SiO4)2
4356,0.0,Sc6Te2Os
4357,0.0,NaBi3
4358,0.0,TmCu2S2
4359,0.0,Ce2Al2Co15
4360,0.0,LaSi2Ru2
4361,0.0,AgW6Br14
4362,0.0,Ba3Co10O17
4363,0.0,LuScRh2
4364,0.0,LaBPt3
4365,0.0,Li5Mn5(SbO6)2
4366,0.0,Be12Pt
4367,0.0,LaZnAu2
4368,0.0,CsScBr3
4369,0.0,ErSiPd
4370,0.0,SmSnPd
4371,0.0,Hg2Rh
4372,0.0,Eu2BaMn2O7
4373,0.0,Mg2GeB2Rh5
4374,0.0,KHg11
4375,0.0,NdSmHg2
4376,0.0,PrInAu2
4377,0.0,Li3Co4O8
4378,0.0,CdRhF6
4379,0.0,UCo2Ge2
4380,0.0,Tb3Ge5
4381,0.0,Yb2HgPb
4382,0.0,YSi2Cu2
4383,0.0,Li4VF7
4384,0.0,MgIn3
4385,0.0,CeMg2Ag
4386,0.0,KNb2Se
4387,0.0,Fe4O7F
4388,0.0,EuCu9Sn4
4389,0.0,La2CuO4
4390,0.0,CaCo4S8
4391,0.0,MnCoSi
4392,0.0,GdGeRu
4393,0.0,Al10V
4394,0.0,EuPd
4395,0.0,YbMn2As2
4396,0.0,Ni23B6
4397,0.0,Gd2AlCo2
4398,0.0,U2Cr30P19
4399,0.0,YbI3O9
4400,0.0,BiAs2Os
4401,0.0,Yb4Ba3O9
4402,0.0,ZnFe2N2
4403,0.0,Zr6NiCl15
4404,0.0,Er5Si3
4405,0.0,Hg2Sb2O7
4406,0.0,Co5RuO8
4407,0.0,ScGe2
4408,0.0,Li3Si3Ag2
4409,0.0,Dy4CdRh
4410,0.0,BeGaRh2
4411,0.0,Ba3NaIrO6
4412,0.0,ScZn2
4413,0.0,Mg3Rh
4414,0.0,Sr3Sn4Ir4
4415,0.0,TiMn2Ge
4416,0.0,Sc6FeSb2
4417,0.0,Pm2LiAl
4418,0.0,Hf2Fe
4419,0.0,Cr3Ni(PO4)6
4420,0.0,PrAu
4421,0.0,TmMgAg2
4422,0.0,Ho5Ge10Rh4
4423,0.0,SrNi2(PO4)2
4424,0.0,TaAl3
4425,0.0,CeB2Ir3
4426,0.0,Hf6PbO18
4427,0.0,LiLa2IrO6
4428,0.0,FeCo2Si
4429,0.0,Ca2CdPb
4430,0.0,YAlGe
4431,0.0,ZrAlRu2
4432,0.0,YbBO3
4433,0.0,In11Cu9Se20
4434,0.0,TmIn3
4435,0.0,UGeRh
4436,0.0,MgTi11O20
4437,0.0,TbNi4P2
4438,0.0,TmAu2
4439,0.0,YbSi2Ni
4440,0.0,HoSb2
4441,0.0,AlFe2Si
4442,0.0,Li3Mn2CuO6
4443,0.0,Li7Mo12S16
4444,0.0,V5SiB2
4445,0.0,ThIr5
4446,0.0,Li2Fe3NiO8
4447,0.0,Tb2Ti3Ge4
4448,0.0,TiCoSn
4449,0.0,Hf5Te4
4450,0.0,Y3GaCo3
4451,0.0,Ge3Sb
4452,0.0,SmSb2
4453,0.0,Dy12C6I17
4454,0.0,Ti2TcNi
4455,0.0,TbP
4456,0.0,Sr8Mn3N9
4457,0.0,LiZr2Os
4458,0.0,Mg3Al9FeSi5
4459,0.0,Co3H
4460,0.0,Tb3Mn2C6
4461,0.0,U11O5
4462,0.0,ThMn2Ge2
4463,0.0,TaNiB2
4464,0.0,TmBPd3
4465,0.0,Ti2Cd
4466,0.0,Ba3Al2Ge2
4467,0.0,DyZrSb
4468,0.0,Ti11O18
4469,0.0,Tb2AlCo2
4470,0.0,Zn2Sb3O8
4471,0.0,YH2
4472,0.0,Nb3In
4473,0.0,Li2PrP2
4474,0.0,LaAl4Co
4475,0.0,Ba3N2
4476,0.0,SrCuBi
4477,0.0,Yb11Ni60C6
4478,0.0,NaAsO3
4479,0.0,Li3Cu4NiO8
4480,0.0,TbSnAu
4481,0.0,USbSe
4482,0.0,LiMnSiO4
4483,0.0,RbTiBr3
4484,0.0,Ti3Fe3O
4485,0.0,Te2Pd3Pb2
4486,0.0,Li4Fe3NiO8
4487,0.0,Hf2MnIr
4488,0.0,ZrW2
4489,0.0,Ti3Cu3O
4490,0.0,La2Sn5Rh3
4491,0.0,Mn2GaW
4492,0.0,CaZn5
4493,0.0,Ag2P2PbO7
4494,0.0,RbHg3
4495,0.0,Li23Mn20As20
4496,0.0,UFe5Si3
4497,0.0,Hf5Sn4
4498,0.0,Li3Ni2(GeO4)3
4499,0.0,Fe6O7F5
4500,0.0,HoB2Rh3
4501,0.0,LiSn(PO3)4
4502,0.0,Ti4O5
4503,0.0,Ni2Mo4N
4504,0.0,PrIn
4505,0.0,YNi4B
4506,0.0,LiZn(Fe5O8)2
4507,0.0,Nb5Ge3
4508,0.0,Ba2ReNiO6
4509,0.0,SmTh3
4510,0.0,CrIrO4
4511,0.0,CuPd
4512,0.0,YMg4Cu
4513,0.0,Ho3Ge5
4514,0.0,HfFe2
4515,0.0,LuAl2Pd5
4516,0.0,Na19Zr11S30
4517,0.0,Li2CuF6
4518,0.0,Sm4MgRh
4519,0.0,Zn8Ag5
4520,0.0,Cu3Bi4I16
4521,0.0,TbInAg2
4522,0.0,W3O7F
4523,0.0,YbAl3
4524,0.0,Lu2CdAg
4525,0.0,HoAlAu2
4526,0.0,LaP3
4527,0.0,LaScSi
4528,0.0,U2Re2C3
4529,0.0,Na5Fe6(SiO3)12
4530,0.0,HgIrO3
4531,0.0,TbNiGe2
4532,0.0,V2Sb(PO4)3
4533,0.0,ErPbAu
4534,0.0,Hf2Hg
4535,0.0,Ca3BiSb
4536,0.0,CsWCl6
4537,0.0,TiGaIr2
4538,0.0,HoB4
4539,0.0,LiTm2Ru
4540,0.0,Ti2CoGe
4541,0.0,Tm3GaC
4542,0.0,Nd4O3F7
4543,0.0,LiCa2Ga
4544,0.0,LaFe4As12
4545,0.0,Ho3AlC
4546,0.0,CaB2C2
4547,0.0,YSi2Pt2
4548,0.0,Sc2FeB2Ir5
4549,0.0,U3Bi4
4550,0.0,EuSnO3
4551,0.0,EuMn2Ge2
4552,0.0,EuNi12B6
4553,0.0,NdErTl2
4554,0.0,MnCu3
4555,0.0,LiAlGe
4556,0.0,ZrHCl
4557,0.0,SrAg
4558,0.0,YbAl2Ga2
4559,0.0,Nb2Sb
4560,0.0,Ba2LaIrO6
4561,0.0,MgScAg2
4562,0.0,Fe10O9F11
4563,0.0,YbAl2Ge2
4564,0.0,TmSb
4565,0.0,TiV4CuO12
4566,0.0,RbTmO3
4567,0.0,Ce8U2O21
4568,0.0,Dy2ZnIn
4570,0.0,ZnCrO2
4571,0.0,Li2Ti3FeO8
4572,0.0,Sc3BPb
4573,0.0,TaCoSn2
4574,0.0,TiTc2Sb
4575,0.0,Li3V12O29
4576,0.0,Nd2CdIn
4577,0.0,Na8PO3
4578,0.0,BeFe2Si
4579,0.0,CuP2(HO3)2
4580,0.0,U2Ti
4581,0.0,DyAgHg2
4582,0.0,Al4Cu2O7
4583,0.0,CeSI
4584,0.0,BaMn4ZnO8
4585,0.0,Ce2Fe17
4586,0.0,HoTiO3
4587,0.0,Zr3Al4C6
4588,0.0,Li7Ni11O22
4589,0.0,Cr2HgSe4
4590,0.0,Ho5Si4
4591,0.0,CeCo4B4
4592,0.0,Li2LaTl
4593,0.0,TbNiO3
4594,0.0,Ga3Pt2
4595,0.0,Mn3V2(SiO4)3
4596,0.0,LaMg(FeO3)2
4597,0.0,YbGeRh
4598,0.0,CaCu5
4599,0.0,SmC10
4600,0.0,ThSi2Ru3
4601,0.0,Zr3Hg
4602,0.0,Ga9Rh2
4603,0.0,CaInAu
4604,0.0,Nb3IrSe8
4605,0.0,UCoSi
4606,0.0,DyBiPd
4607,0.0,LaIn4Au2
4608,0.0,LiAl3
4609,0.0,EuZn2Ge2
4610,0.0,VAg(PSe3)2
4611,0.0,Y2Fe2Si2C
4612,0.0,La3ZrSb5
4613,0.0,Sr2GeN2
4614,0.0,VFeRu2
4615,0.0,U4N7
4616,0.0,Al6Fe
4617,0.0,Cs2SeClF6
4618,0.0,Hf5Si4
4619,0.0,MnCo4O8
4620,0.0,LiMg2Ag
4621,0.0,Ba3Nb2CoO9
4622,0.0,Na2LiTa
4623,0.0,CaNi5
4624,0.0,Yb23Mg4Cu7
4625,0.0,CdAg
4626,0.0,PrGeAu
4627,0.0,KNb2O5
4628,0.0,LaHg
4629,0.0,V3Si
4630,0.0,ScAlNi2
4631,0.0,Sm3Zr
4632,0.0,ZnWO2
4633,0.0,Zr2HBr2
4634,0.0,InPt3C
4635,0.0,BaLa2CoS5
4636,0.0,SrZnSb2
4637,0.0,Ta6Ni16Ge7
4638,0.0,Ca5Au2
4639,0.0,Rb2NaVF6
4640,0.0,Hf54Os17
4641,0.0,Rb4Si2CuO7
4642,0.0,HoCd
4643,0.0,Cd2PbO4
4644,0.0,SrSbAu
4645,0.0,Na3Re
4646,0.0,Mg4Sc3(SiO3)8
4647,0.0,Li5Co2O2F5
4648,0.0,SmHgPd
4649,0.0,NaFe2(SiO3)4
4650,0.0,BeCu
4651,0.0,PrSm3
4652,0.0,YbZnAu2
4653,0.0,InSiTe3
4654,0.0,HgPt3
4655,0.0,Yb2InPd2
4656,0.0,Li11Mn13O32
4657,0.0,YScO2
4658,0.0,Sb2XeF14
4659,0.0,LiNiP2O7
4660,0.0,AlSn
4661,0.0,Li3C
4662,0.0,VP
4663,0.0,ZrSe
4664,0.0,RbPdF3
4665,0.0,DyInCu2
4666,0.0,Zr5Sb3
4667,0.0,La2PdO4
4668,0.0,ZrInRh2
4669,0.0,TiAl
4670,0.0,Li2CrCo3O8
4671,0.0,Er2Mg3Ru
4672,0.0,YbTlS2
4673,0.0,Li2Fe3SnO8
4674,0.0,NdFeSi2
4675,0.0,NiGePt2
4676,0.0,Dy2MgTl
4677,0.0,YbCaInSe4
4678,0.0,PrCo2Ge2
4679,0.0,Sm2IO2
4680,0.0,NdMg2Ni9
4681,0.0,TbCu5
4682,0.0,YAgO3
4683,0.0,Be2HgTe
4684,0.0,AlIr
4685,0.0,CsInI3
4686,0.0,Tl3Cr
4687,0.0,ZrSi2
4688,0.0,Zn2Ni9O13
4689,0.0,CoP4O12
4690,0.0,Pr5In11Ni6
4691,0.0,Li8Ti16CuS32
4692,0.0,NdMg2
4693,0.0,La3Ge3Br2
4694,0.0,Sr2Li2Nb3O10
4695,0.0,Li2Si4Ni5O14
4696,0.0,HoCo3
4697,0.0,YbPr11Se16
4698,0.0,Sm3OsO7
4699,0.0,Al4Cu9
4700,0.0,LiGaAu2
4701,0.0,Zn2BIr2
4702,0.0,TmCu4Ag
4703,0.0,BaSi
4704,0.0,Mg2CrN2
4705,0.0,CeTlZn
4706,0.0,Eu2CaO3
4707,0.0,TmMg2Sc
4708,0.0,CuN2O6
4709,0.0,Sm5Br11
4710,0.0,Hf3P
4711,0.0,Ti2C
4712,0.0,NaHg
4713,0.0,AgGeO3
4714,0.0,UFeSi
4715,0.0,ErAl20Cr2
4716,0.0,Ba6In2NF
4717,0.0,U4S3
4718,0.0,Tl3Ir
4719,0.0,Ce4Bi3
4720,0.0,NiI
4721,0.0,Pm3I
4722,0.0,Pm2IrRh
4723,0.0,TmCoSi2
4724,0.0,SbPd3
4725,0.0,Yb2Ce8O19
4726,0.0,Li6Ni5O10
4727,0.0,Ho3Ni19B10
4728,0.0,BePd2
4729,0.0,Ni2Ge
4730,0.0,Mn5O7
4731,0.0,YCo2
4732,0.0,Li7Ti5O12
4733,0.0,RbCuPdF5
4734,0.0,BaTl3
4735,0.0,SmSnRh2
4736,0.0,EuCuSeO
4737,0.0,NdSbPd
4738,0.0,YbH2ClO2
4739,0.0,U4Re7Si6
4740,0.0,MgTi4S8
4741,0.0,TaGaPt
4742,0.0,SmCuO3
4743,0.0,CoPbO3
4744,0.0,Li2Cu2S3
4745,0.0,Pd16S7
4746,0.0,HoSi
4747,0.0,TaPt3
4748,0.0,Si4Cu5O14
4749,0.0,CdPd
4750,0.0,Tm2ZnOs
4751,0.0,SmCdHg2
4752,0.0,CaZn3Ni2
4753,0.0,Pm2LiSi
4754,0.0,TiZn3
4755,0.0,Eu2ReO5
4756,0.0,PmDy3
4757,0.0,HfGaCo2
4758,0.0,BaNb4O6
4759,0.0,DyGe
4760,0.0,DyRh
4761,0.0,Ti2BRh6
4762,0.0,Ba8Ta7O24
4763,0.0,RbF3
4764,0.0,TmAlCu
4765,0.0,FeRhO3
4766,0.0,NbGaCo2
4767,0.0,CaHg2
4768,0.0,PmCd3
4769,0.0,Ti2CoS4
4770,0.0,Mg3Ge
4771,0.0,K3LiNb6O15
4772,0.0,Ba2FeReO6
4773,0.0,UAl8Fe4
4774,0.0,LiCu3F7
4775,0.0,Bi2Pt
4776,0.0,LiV2NiO6
4777,0.0,Si2Ru
4778,0.0,Fe3B
4779,0.0,SnSb3(PO4)4
4780,0.0,CsMnSb
4781,0.0,VZnRu2
4782,0.0,Cu6PbO8
4783,0.0,La3AlN
4784,0.0,Pr3I
4785,0.0,LiMo3O8
4786,0.0,Dy3Cu4Ge4
4787,0.0,Sr5Bi3
4788,0.0,AlNi2
4789,0.0,MgV4O6
4790,0.0,DyS2
4791,0.0,YbLi2Pb
4792,0.0,Pr2InPd2
4793,0.0,TbGa
4794,0.0,EuTl
4795,0.0,ZrRe2
4796,0.0,CsNb6I11
4797,0.0,HoInAu2
4798,0.0,Li2MnCo3O8
4799,0.0,Li3Dy
4800,0.0,K4C2O3
4801,0.0,NdSnRh
4802,0.0,HoCd3
4803,0.0,TiOs3
4804,0.0,Nb3Fe20B6
4805,0.0,YbPO4
4806,0.0,Y3Al3NiGe2
4807,0.0,Nb2Co3O9
4808,0.0,HfTl3
4809,0.0,HfNi5
4810,0.0,SrLa3MnO8
4811,0.0,CaGa3Ni2
4812,0.0,NdTe
4813,0.0,Eu2CuO4
4814,0.0,Nb3V(PO4)6
4815,0.0,YbLa5S8
4816,0.0,TiPd
4817,0.0,ScZn3
4818,0.0,HoSb2O6
4819,0.0,CsCaO3
4820,0.0,Li13Nb14ZnO42
4821,0.0,LuPt3
4822,0.0,PrIr2
4823,0.0,V3Pt
4824,0.0,SrB2
4825,0.0,Tl8Os8O27
4826,0.0,Bi12Rh12O41
4827,0.0,Sm3Sb14Te24
4828,0.0,PrTmTl2
4829,0.0,Li3V4FeO12
4830,0.0,Na11Bi5O16
4831,0.0,Ca2PbAu2
4832,0.0,Hf3Si4Cu4
4833,0.0,Cu2HgGeSe4
4834,0.0,Na2In
4835,0.0,KHg2
4836,0.0,Sm3AlN
4837,0.0,LuMnSi
4838,0.0,CaMn2As2
4839,0.0,AlAs
4840,0.0,AlFe4(CuO4)3
4841,0.0,SmNi2B2C
4842,0.0,La2Nb2N2O5
4843,0.0,SmSi3Pt5
4844,0.0,Pr2Au
4845,0.0,UAlNi4
4846,0.0,Ba2ScIrO6
4847,0.0,MgTl
4848,0.0,Na6CoSe4
4849,0.0,Yb6U3O17
4850,0.0,Mn2Hg5
4851,0.0,Mg2CuWO6
4852,0.0,TmFe2Si2
4853,0.0,ScSnPd
4854,0.0,TaAlPt
4855,0.0,Ba2UCuO6
4856,0.0,Co2B4Mo
4857,0.0,Li2MgIn
4858,0.0,YCdPd2
4859,0.0,UMn2Si2
4860,0.0,Ge2Os
4861,0.0,DyCoSi2
4862,0.0,Na6FeS4
4863,0.0,NbSi2
4864,0.0,Te2Pd3
4865,0.0,BaFe2S4
4866,0.0,ScSbRh2
4867,0.0,Ti2Sb(PO4)3
4868,0.0,Rb5W8O30
4869,0.0,TmPd
4870,0.0,Hf2ReRh
4871,0.0,TbBe13
4872,0.0,LiCo(CO3)2
4873,0.0,Zr2Co12P7
4874,0.0,Li2Fe5O10
4875,0.0,Ta2OsW
4876,0.0,EuNi2As2
4877,0.0,LuHfRu2
4878,0.0,Sn3Pd
4879,0.0,Ca6Ag16N
4880,0.0,HfVSi
4881,0.0,TmCu2Ge2
4882,0.0,Na3Tl
4883,0.0,Te2Mo2WSe4
4884,0.0,Ru3Cl
4885,0.0,Nb5OF14
4886,0.0,LiBi2(PO4)3
4887,0.0,ReF6
4888,0.0,CaHfZn
4889,0.0,SrMgIn3
4890,0.0,K2B10H9O
4891,0.0,SiSb3
4892,0.0,Sc8Te3
4893,0.0,Fe12As5
4894,0.0,Ba2FeMoO6
4895,0.0,LiMnCuO4
4896,0.0,La3NiBr3
4897,0.0,InFe2CuSe4
4898,0.0,Li3CrCo3O8
4899,0.0,Ag3Pd
4900,0.0,Al3Tc
4901,0.0,Li3Co(NiO2)4
4902,0.0,NdIn3
4903,0.0,CrCoPt2
4904,0.0,Sm2RuAu
4905,0.0,SrSb12Ru4
4906,0.0,La2PC
4907,0.0,Tm2Ru2O7
4908,0.0,YbFe4Ge2
4909,0.0,Sc6NiTe2
4910,0.0,ZnSn3
4911,0.0,Li2Nb2(PO4)3
4912,0.0,YB2Rh2C
4913,0.0,Ba3NaIr2O9
4914,0.0,Ce2Sb
4915,0.0,BaTi4O8
4916,0.0,AlPd5I2
4917,0.0,SmMn2Ge2
4918,0.0,PrCd
4919,0.0,Ce3MnAlS7
4920,0.0,Zr5Sn4
4921,0.0,Li7Ti7O16
4922,0.0,GaFe3
4923,0.0,Na15Sn4
4924,0.0,ErAgSn
4925,0.0,Dy5Pb3
4926,0.0,Ba3Li4Sn8
4927,0.0,Li6FeO6
4928,0.0,NiP4O12
4929,0.0,Sm2P3Pt6
4930,0.0,CaZn2
4931,0.0,Nd4Ge3Rh4
4932,0.0,ErZn12
4933,0.0,PtN
4934,0.0,Ag3AsO4
4935,0.0,Ca3In
4936,0.0,LaCu6
4937,0.0,PrFe2Si2
4938,0.0,Li3Ti3(PO4)4
4939,0.0,Hf2Ge
4940,0.0,Ti2ReRu
4941,0.0,Ca3BiAs
4942,0.0,Yb3V
4943,0.0,Cu8O
4944,0.0,Sc3GaC
4945,0.0,PrGe3
4946,0.0,Hf2Co4P3
4947,0.0,Tb3Si
4948,0.0,VNi5(PO4)6
4949,0.0,TbGe2Pd2
4950,0.0,EuFe2Si2
4951,0.0,TbTl
4952,0.0,GdCd2
4953,0.0,Ca3Al2Ge3
4954,0.0,Al5Rh2
4955,0.0,MgFe2S4
4956,0.0,SmLuTl2
4957,0.0,Ag7S2I2
4958,0.0,TiI
4959,0.0,Mo5O14
4960,0.0,LiCd2Rh
4961,0.0,Lu5Si3B
4962,0.0,Cs2NaMnF6
4963,0.0,KFe2As2
4964,0.0,EuAl2Au2
4965,0.0,HfZnNi2
4966,0.0,InSiIr
4967,0.0,Ta4FeTe4
4968,0.0,CsMg149
4969,0.0,La3Os2O10
4970,0.0,Mg2MnN2
4971,0.0,HoSi2Os2
4972,0.0,Li2Fe2(PO4)3
4973,0.0,SrCe2S4
4974,0.0,BaAu2
4975,0.0,ErNi4Au
4976,0.0,PrMn2Si2
4977,0.0,ZrFe4Si2
4978,0.0,P2O5
4979,0.0,Hg3C
4980,0.0,NdCr2Si2
4981,0.0,Ca2GeN2
4982,0.0,NaSn2
4983,0.0,TiCr3(PO4)6
4984,0.0,Nd2Ru2O7
4985,0.0,W2N
4986,0.0,YbTbHg2
4987,0.0,BMo
4988,0.0,CsAgCl3
4989,0.0,W2C
4990,0.0,Cs2NaCoF6
4991,0.0,DyAl8Cu4
4992,0.0,DyInPt2
4993,0.0,LaSi2Os2
4994,0.0,TmSnRh
4995,0.0,TmB2C
4996,0.0,Li2MnCu3O8
4997,0.0,Ho3Pd2
4998,0.0,La10Si8O3
4999,0.0,Ce2Co5B2
5000,0.0,Ca2Mn9O13
5001,0.0,YbKSe2
5002,0.0,BaTi14O28
5003,0.0,Nb40N21O16
5004,0.0,YbAgO2
5005,0.0,TmGe2Ru2
5006,0.0,Ca3Cu2(ClO2)2
5007,0.0,GeRh
5008,0.0,TbGa2Co3
5009,0.0,LiCuPO4
5010,0.0,Ni3Pt
5011,0.0,Cu3Pd
5012,0.0,Dy2Ni12P7
5013,0.0,TmGe
5014,0.0,AgAu3
5015,0.0,CdAsPd5
5016,0.0,GdSbPd
5017,0.0,SrTl2
5018,0.0,Zr6Al2CoH10
5019,0.0,NdAgAs2
5020,0.0,Er2Fe14B
5021,0.0,Ti2CuS4
5022,0.0,Na8Hg3
5023,0.0,Te2Mo(WS2)3
5024,0.0,Tm5Ge10Rh4
5025,0.0,Mn2CoAs
5026,0.0,ErNiSn
5027,0.0,HfSi
5028,0.0,Ce3Al12Ru4
5029,0.0,Yb2ZnPb
5030,0.0,Mg3Bi2
5031,0.0,YCdHg2
5032,0.0,USi3
5033,0.0,NdGe2Pt2
5034,0.0,Mn3NiN
5035,0.0,NbPt2
5036,0.0,TbAl3C3
5037,0.0,LaPt5
5038,0.0,AlCoO3
5039,0.0,NaIrPb
5040,0.0,ZnCu3P3O13
5041,0.0,Tb5Tl3
5042,0.0,PrCo2As2
5043,0.0,CsIr
5044,0.0,Mg3Ni20B6
5045,0.0,Ce2CrN3
5046,0.0,LuGe2
5047,0.0,SrIn4Ir
5048,0.0,ThU8O18
5049,0.0,Rh7Pb3O15
5050,0.0,RbAgF3
5051,0.0,TaPd3
5052,0.0,AlVCo2
5053,0.0,ScGa6Fe6
5054,0.0,Sm4In21Pd10
5055,0.0,CaMnSn
5056,0.0,CeRh
5057,0.0,GeAs3
5058,0.0,HoTiSi
5059,0.0,AgPdO2
5060,0.0,EuP2Os2
5061,0.0,Li2NdSb2
5062,0.0,Cu2H3ClO3
5063,0.0,ThGe2Pd2
5064,0.0,Nb3B2
5065,0.0,YAl2Si2
5066,0.0,V2ZnO4
5067,0.0,YAl10Fe2
5068,0.0,CaMgSn
5069,0.0,TaRh3
5070,0.0,Lu2Mo2C3
5071,0.0,Dy2Ti3Si4
5072,0.0,HoC2
5073,0.0,CeAl2Pd5
5074,0.0,BeSiRu2
5075,0.0,NdInCu
5076,0.0,CaGaGe
5077,0.0,NdSn2
5078,0.0,MnAlAu2
5079,0.0,K3Hg
5080,0.0,TbSb2
5081,0.0,Re3As7
5082,0.0,ScCdAg2
5083,0.0,TePd
5084,0.0,MgInPd2
5085,0.0,ZrRu3C
5086,0.0,YAlPd
5087,0.0,Mg10B16Ir19
5088,0.0,Hf7P4
5089,0.0,SbRh3
5090,0.0,Ba4Nb14O23
5091,0.0,PdPb2
5092,0.0,MnBe2Co
5093,0.0,Li5Bi4O12
5094,0.0,NdAl4Ge2Au
5095,0.0,LuGaRh2
5096,0.0,LiEr2Ga
5097,0.0,SmCo2
5098,0.0,IrPb
5099,0.0,Ho2Co17
5100,0.0,Sc2TlTc
5101,0.0,TbH2
5102,0.0,Er5Bi3
5103,0.0,ScCrO4
5104,0.0,Dy3MnB7
5105,0.0,Li3Ni3(PO4)4
5106,0.0,Re2PbO6
5107,0.0,Gd6Ta4Al43
5108,0.0,Tb3FeB7
5109,0.0,Ce3Al
5110,0.0,CaCdPd2
5111,0.0,VB2
5112,0.0,CeIr5
5113,0.0,EuAs2Pd2
5114,0.0,Sc2GaAg
5115,0.0,Zn3Cu10(TeO6)6
5116,0.0,Nd2Ge5Rh3
5117,0.0,PmMgCd2
5118,0.0,UPt3
5119,0.0,Zr6Sb2Pt
5120,0.0,YCr2Si2
5121,0.0,Y3Si3Pd2
5122,0.0,CeCu2Sb2
5123,0.0,Sm2Cu4Sn5
5124,0.0,Ti3SnC2
5125,0.0,CuPtO2
5126,0.0,B4W
5127,0.0,ZrAu4
5128,0.0,EuLi2Sn
5129,0.0,MnTePd
5130,0.0,LiLu2Pd
5131,0.0,CaB2Ir2
5132,0.0,Y3Tm
5133,0.0,ErSi2Pd2
5134,0.0,CeSi2Ni2
5135,0.0,LaSi
5136,0.0,Dy6FeTe2
5137,0.0,In3Au10
5138,0.0,Ho2Ge5Rh3
5139,0.0,TmSiCu
5140,0.0,Sr2GaCo2O7
5141,0.0,YBi
5142,0.0,CeAl2Zn2
5143,0.0,CeMgZn2
5144,0.0,Li4Cr3NiO8
5145,0.0,BeSiOs2
5146,0.0,BiO
5147,0.0,GdO2
5148,0.0,Ce2Sb3Pd9
5149,0.0,ErB2Ru3
5150,0.0,YTiO3
5151,0.0,TmCdAg2
5152,0.0,Ce4FeSe6O
5153,0.0,ThHg2
5154,0.0,TbGa3
5155,0.0,V3Cu
5156,0.0,NaCuO
5157,0.0,SnRh
5158,0.0,Er3SnC
5159,0.0,NbCrW
5160,0.0,TmSi2Os2
5161,0.0,NbRu2Cl
5162,0.0,CaIn4Ir
5163,0.0,HfPt
5164,0.0,BTe2As
5165,0.0,MnFeAs
5166,0.0,TbMn6Ge6
5167,0.0,SrLaMn2O6
5168,0.0,Ce6B2(CBr)3
5169,0.0,Be2W
5170,0.0,YIn2Ni
5171,0.0,RbGe3
5172,0.0,Tm2IrPd
5173,0.0,RbWO3
5174,0.0,PmSbRh2
5175,0.0,LuNiBC
5176,0.0,RuCl3
5177,0.0,Ti2RuOs
5178,0.0,Li4Fe9O18
5179,0.0,SrPb3
5180,0.0,Li2U(MoO5)2
5181,0.0,LiSiRh2
5182,0.0,GdSi2Ru2
5183,0.0,ZrSbRu
5184,0.0,DyZnGa
5185,0.0,SmCo3B2
5186,0.0,Tb2C3
5187,0.0,CaPrZn2
5188,0.0,Pr6Fe13Si
5189,0.0,Hg3Sb
5190,0.0,TeMoSe
5191,0.0,HoB2C2
5192,0.0,LaP2Ru2
5193,0.0,Nb17Ir3S40
5194,0.0,CaOsO3
5195,0.0,TlNi
5196,0.0,GaSiRu2
5197,0.0,LuIr2
5198,0.0,UAu2
5199,0.0,Ti2B
5200,0.0,V2RuOs
5201,0.0,Nd3Zr
5202,0.0,Hf2Si
5203,0.0,Li14Ti21O48
5204,0.0,Li4WO5
5205,0.0,ThAl10Fe2
5206,0.0,TbInIr
5207,0.0,DySiIr
5208,0.0,ReCl4
5209,0.0,Ce3SiPt5
5210,0.0,NiAgO2
5211,0.0,CaTi4S8
5212,0.0,PrErMg2
5213,0.0,SrCo2P2
5214,0.0,K11Mn4O16
5215,0.0,MgCuSb
5216,0.0,Li3FeS3
5217,0.0,Ba3ErRu2O9
5218,0.0,Cu4W(SCl)4
5219,0.0,Lu2MgHg
5220,0.0,Sr2CoReO6
5221,0.0,HfOs2
5222,0.0,CrMo2S4
5223,0.0,LiCo7O7F
5224,0.0,SmMgHg2
5225,0.0,ErCuPb
5226,0.0,Y2Ge2O7
5227,0.0,Sc2P3O12
5228,0.0,BaDy2CuO5
5229,0.0,Li2Sn5
5230,0.0,Li5Mn2Cu5O12
5231,0.0,GaAs2W
5232,0.0,Fe4Si2Sn7O16
5233,0.0,Lu3Ga
5234,0.0,Zr2Te
5235,0.0,TiFe2As
5236,0.0,V2O3F3
5237,0.0,V2NO
5238,0.0,Ba2YReO6
5239,0.0,Ce5Si3N9
5240,0.0,Fe2Cu(PO4)3
5241,0.0,BeTcSe
5242,0.0,V2Si2O7
5243,0.0,Ca2NiIrO6
5244,0.0,Ti2AlV
5245,0.0,CeAlSi2
5246,0.0,Re2RuBr
5247,0.0,CaGe2
5248,0.0,Ta6Be15Cu8
5249,0.0,Tb5Ti5O17
5250,0.0,Tm2TcCu
5251,0.0,MgSnRh2
5252,0.0,Zr2Co21B6
5253,0.0,SmNiC2
5254,0.0,V8O
5255,0.0,WCl3
5256,0.0,Sm2Mo2O7
5258,0.0,DyAg
5259,0.0,Ti9O10
5260,0.0,Li2MgSn
5261,0.0,LiHoO3
5262,0.0,LiCa2In
5264,0.0,Mn2CoGe
5265,0.0,TbCo2Ge2
5266,0.0,ThSi
5267,0.0,CoCu2Sn
5268,0.0,Tb3Rb2AlF16
5269,0.0,CeMgAg2
5270,0.0,NaCdSb
5271,0.0,Li3Cu2O4
5272,0.0,TmMn6Ge6
5273,0.0,YbB2Rh3
5274,0.0,Rb2NaNiF6
5275,0.0,NdCu3(RuO3)4
5276,0.0,Dy2AlCo2
5277,0.0,Cr4As3
5278,0.0,AsAu3
5279,0.0,Lu3InN
5280,0.0,BaAl2
5281,0.0,ErCu
5282,0.0,Fe3N
5283,0.0,Sr3Li4La5O12
5284,0.0,EuSnAu2
5285,0.0,VSb
5286,0.0,LiMgSnPd
5287,0.0,Fe2S
5288,0.0,Ho3P
5289,0.0,PmMgAu2
5290,0.0,SbPt3
5291,0.0,NaTa3
5292,0.0,Cd2AgRh
5293,0.0,Pr2CdSn
5294,0.0,Li3Mn2(CoO4)2
5295,0.0,CeHg
5296,0.0,LaCd2
5297,0.0,SmTmZn2
5298,0.0,ThAl3
5299,0.0,SnP3O9
5300,0.0,HfV2H4
5301,0.0,Cr4Cu3Te8
5302,0.0,Li6Fe3Co7O20
5303,0.0,ZrTiF6
5304,0.0,Ba7Ru4Br2O15
5305,0.0,HfCo3B2
5306,0.0,EuRbO2
5307,0.0,CeAsPd
5308,0.0,ScSbRu2
5309,0.0,Sr2YReO6
5310,0.0,EuCuSeF
5311,0.0,Al21Pt8
5312,0.0,YbBa2(CuO2)4
5313,0.0,EuKS2
5314,0.0,Ba5In4Bi5
5315,0.0,Cu7Hg6
5316,0.0,CsSn3
5317,0.0,Ta2N
5318,0.0,LiHg2Pd
5319,0.0,PmHgAu2
5320,0.0,Mn5O3F5
5321,0.0,Zr4AlNi2
5322,0.0,TaW3
5323,0.0,SmHg3
5324,0.0,Sr8Al7
5325,0.0,Hf5Pb
5326,0.0,CeB2C2
5327,0.0,SrTlHg2
5328,0.0,Ti3Pt5
5329,0.0,Cd13I28
5330,0.0,Mn2AlO4
5331,0.0,CaAl8Co2
5332,0.0,UVC2
5333,0.0,ScV2Ga4
5334,0.0,Ho2Pd2Pb
5335,0.0,AuBrO2
5336,0.0,Pr2HgPb
5337,0.0,ZrGe2
5338,0.0,Sr7Bi23O40
5339,0.0,YbAl2Si2
5340,0.0,Tm2ZnAg
5341,0.0,SrGa2Au2
5342,0.0,ThRh2
5343,0.0,Sr3Al2Sn2
5344,0.0,CdAuO2
5345,0.0,Li3Mn(NiO3)2
5346,0.0,VIr
5347,0.0,Cr3N2
5348,0.0,TbHg2
5349,0.0,MgMnO3
5350,0.0,Y4AsSe3
5351,0.0,Li2TiMn3O8
5352,0.0,LiTi11O20
5353,0.0,Li2CrCuO4
5354,0.0,UGaNi
5355,0.0,Sm4Al23Ni6
5356,0.0,TmScHg2
5357,0.0,Li2Ni5(PO4)4
5358,0.0,Tb3La
5359,0.0,Sr3Sb2
5360,0.0,KMo6S7
5361,0.0,Th3B2C3
5362,0.0,TaBe2
5363,0.0,Ti2Be17
5364,0.0,Tm2AlOs
5365,0.0,HfB4Ir3
5366,0.0,Dy3InC
5367,0.0,BaTi4O7
5369,0.0,La2Ge5Ir3
5370,0.0,V6AgO15
5371,0.0,Li3Fe2SbO6
5372,0.0,Pr2Co12P7
5373,0.0,Hf4Co4Si7
5374,0.0,Cr2CuTe4
5375,0.0,PrCo4B
5376,0.0,SmSi2Ag2
5377,0.0,YbLiF4
5378,0.0,UCu2P2
5379,0.0,ScBIr3
5380,0.0,Ho3GaC
5381,0.0,Mn2Tl2O7
5382,0.0,YbTlSe2
5383,0.0,Rb28Mg9In51
5384,0.0,Sr2MgIrO6
5385,0.0,ScPPt
5386,0.0,Mg23Al30
5387,0.0,AlCu3
5388,0.0,Y2CuO4
5389,0.0,Sc3Mn2Ga6
5390,0.0,HoNi2B2
5391,0.0,MgSn4O8
5392,0.0,YMgCu4
5393,0.0,Bi2B3O9
5394,0.0,SrMnGe
5395,0.0,SmErMg2
5396,0.0,Li3Mn3NiO8
5397,0.0,In2Co
5398,0.0,LiBePt2
5399,0.0,PrAgAs2
5400,0.0,La2Fe2I
5401,0.0,Lu3BC3
5402,0.0,Cu9Se4(Cl3O7)2
5403,0.0,TiSe
5404,0.0,Nd5Ge3
5405,0.0,Pt3PbC
5406,0.0,Ba2SmCu3O7
5407,0.0,Li3Cr3(CuO6)2
5408,0.0,Nb3Os
5409,0.0,RePO5
5410,0.0,ScGa2
5411,0.0,LuScZn2
5412,0.0,Nd4Mg3Co2
5413,0.0,CeHSe
5414,0.0,U2Co21B6
5415,0.0,U2MnN3
5416,0.0,NdRh
5417,0.0,Li6Fe9CoO20
5418,0.0,HfTiF6
5419,0.0,YWO3
5420,0.0,Sc11Al2Ge8
5421,0.0,CsGa7
5422,0.0,TiAuCl
5423,0.0,Li13Ti22O48
5424,0.0,ThFe2Ge2
5425,0.0,Sr8Co8O23
5426,0.0,Sr3Co2S2O5
5427,0.0,YAs
5428,0.0,Tm2ZnHg
5429,0.0,Dy2C
5430,0.0,HfB
5431,0.0,DyZrRu2
5432,0.0,Pt3Pb
5433,0.0,Mg2Ga
5434,0.0,ZnAgF5
5435,0.0,LiCoS2
5436,0.0,Ca11Bi10
5437,0.0,Ce9SmO20
5438,0.0,Y2ReB6
5439,0.0,Ca4Al3O10
5440,0.0,Li3V4NiO12
5441,0.0,Zr7P4
5442,0.0,LaPd3S4
5443,0.0,LiTi3O6
5444,0.0,YSn3
5445,0.0,MnNi
5446,0.0,Th2Fe7
5447,0.0,Mn3O2F6
5448,0.0,Tl3Pb
5449,0.0,ErBPd3
5450,0.0,Nd2Fe14B
5451,0.0,DyMn2
5452,0.0,Mn7O7F
5453,0.0,Y4CuTe8
5454,0.0,AsSeBr
5455,0.0,SrIn4Pt
5456,0.0,Mg2Cu
5457,0.0,NdP2Ru2
5458,0.0,Y2Mo2O7
5459,0.0,Li9Fe3(WO4)7
5460,0.0,LiHfPd2
5461,0.0,EuNaO2
5462,0.0,YTmCu2
5463,0.0,BeAlB
5464,0.0,HgRhO3
5465,0.0,CoW2O8
5466,0.0,In3Pd5
5467,0.0,Ca3SbN
5468,0.0,EuCo8P5
5469,0.0,NaCd2Au
5470,0.0,RbSbO3
5471,0.0,CaSi2Pd2
5472,0.0,CsMo3O9
5473,0.0,Hf3Zn3N
5474,0.0,ErNi4B
5475,0.0,PrMgAg2
5476,0.0,CeSiIr
5477,0.0,Ce3In3Ru2
5478,0.0,CsUCuS3
5479,0.0,Hf5Sb9
5480,0.0,CeNbO4
5481,0.0,TmNi2Ge2
5482,0.0,LiAl2Rh
5483,0.0,LiCaO3
5484,0.0,Ni4Bi9O18
5485,0.0,Mg2TiIrO6
5486,0.0,Al2CrS4
5487,0.0,Ba2CaReO6
5488,0.0,TbZn2
5489,0.0,PrMgGa
5490,0.0,TbZrSb
5491,0.0,TmTl
5492,0.0,RbUAgS3
5493,0.0,SrIn8Rh2
5494,0.0,Li8TiNi7O16
5495,0.0,DySnRu2
5496,0.0,CaPd3C
5497,0.0,Ti2ReRh
5498,0.0,EuCd11
5499,0.0,Li3Fe(CoO2)4
5500,0.0,LiCa2Ge3
5501,0.0,Pr7Mn8O24
5502,0.0,Zr5Sn3
5503,0.0,Li8BiS6
5504,0.0,Tb3ReO7
5505,0.0,Zr4Co4Ge7
5506,0.0,ZrCrSi2
5507,0.0,MnSnRu2
5508,0.0,SiAu3
5509,0.0,Ba2DyCu3O7
5510,0.0,ScIr
5511,0.0,SrRu2O6
5512,0.0,ThMn4(CuO4)3
5513,0.0,HoSi2Ru2
5514,0.0,Li5Co2Ni3O10
5515,0.0,PrGe5
5516,0.0,Na3Mn2(GeO4)3
5517,0.0,Cu2Sb
5518,0.0,SmSi2Ni2
5519,0.0,TlW3O9
5520,0.0,NbHg3F6
5521,0.0,Cs2CrCl4
5522,0.0,YbPmPt2
5523,0.0,Na2Cl
5524,0.0,Li2DyIn
5525,0.0,Hf2OsPd
5526,0.0,Mn2Cu(PO4)3
5527,0.0,EuAgSb
5528,0.0,LiInSn
5529,0.0,Mg2SiPt
5530,0.0,TmSnRu2
5531,0.0,BaSn4O8
5532,0.0,CoN
5533,0.0,Hf5Sb3
5534,0.0,Er4NiB13
5535,0.0,NdBi
5536,0.0,U3Nb
5537,0.0,SmCo2Si2
5538,0.0,UCo4Sn
5539,0.0,ZnGaRh2
5540,0.0,Li17Nb20O60
5541,0.0,Mg2TcO4
5542,0.0,PrSmO2
5543,0.0,Sc2MnC
5544,0.0,BaPd2O4
5545,0.0,Mg3Ga7Co2
5546,0.0,Ba5Sb3
5547,0.0,CrNi3
5548,0.0,Lu7Te2Pd2
5549,0.0,ZnCu2O4
5550,0.0,LaH2
5551,0.0,Te2W2SeS
5552,0.0,Ce3AlC
5553,0.0,Nd2BC
5554,0.0,Li6Mn5CoO12
5555,0.0,MnGaPt
5556,0.0,Ba14Na8CaN6
5557,0.0,ErAlGe
5558,0.0,Na11Ti20O40
5559,0.0,MgAgAs
5560,0.0,Tb6PbSe10
5561,0.0,CeLu3
5562,0.0,Ta2Nb3O12
5563,0.0,GdPbAu
5564,0.0,KHg
5565,0.0,Sc5NCl8
5566,0.0,TbBRh3
5567,0.0,Lu5Si10Ir4
5568,0.0,EuCd2Sb2
5569,0.0,NdMgNi4
5570,0.0,V3CuO8
5571,0.0,InMo3Se3
5572,0.0,CaInPt
5573,0.0,Cr2HO4
5574,0.0,Li5La3Nb14O42
5575,0.0,HoCu2O4
5576,0.0,FeCoAs
5577,0.0,HfAs2
5578,0.0,LiHf2Ir
5579,0.0,Yb16S29
5580,0.0,Nb3VS6
5581,0.0,CaAl2Zn2
5582,0.0,NdErZn2
5583,0.0,Gd2Zn17
5584,0.0,HoInPt
5585,0.0,TiCoGe
5586,0.0,CeCoGeH
5587,0.0,YMgAl
5588,0.0,LiTmSn
5589,0.0,Ti2RePd
5590,0.0,Na8NbO6
5591,0.0,Si2NiP3
5592,0.0,LiNi2(PO4)3
5593,0.0,Sc3PbC
5594,0.0,CeCd2Ag
5595,0.0,Hf2Tl
5596,0.0,Na10Ga6Sn3
5597,0.0,YCoO3
5598,0.0,Ta3B4
5599,0.0,LiTm2Rh
5600,0.0,CeGaO3
5601,0.0,PmMgRh2
5602,0.0,YCdPt2
5603,0.0,LaIn5Ir
5604,0.0,Sr2Co2O5
5605,0.0,KTa3CuO9
5606,0.0,SrRhF6
5607,0.0,Al2Cr2O7
5608,0.0,EuGe3Pt
5609,0.0,NdO2
5610,0.0,CrIrO6
5611,0.0,YRe4Si2
5612,0.0,Pr3Cd
5613,0.0,NdPt
5614,0.0,TmLuPd2
5615,0.0,Ti2NiSe4
5616,0.0,LaReB
5617,0.0,Cr3P
5618,0.0,Pd3Pb2S2
5619,0.0,Mn3PtN
5620,0.0,Cs3V2Cl9
5621,0.0,Ce3Pd5
5622,0.0,TmThRu2
5623,0.0,NdAl8Co2
5624,0.0,Li7Ti16O32
5625,0.0,YbSiCu
5626,0.0,Tb2SbO2
5627,0.0,Li2Co4O7F
5628,0.0,LiHoAu2
5629,0.0,BeGaO3
5630,0.0,NiCO4
5631,0.0,Dy4Sb3
5632,0.0,NaFe2O3
5633,0.0,Lu2AgAu
5634,0.0,Co2O3
5635,0.0,HfAsRh
5636,0.0,Zr5Al3
5637,0.0,Li4Mn5NbO12
5638,0.0,Si4Cu15
5639,0.0,Sm2TlHg
5640,0.0,PrBi2O6
5641,0.0,NdTlAg2
5642,0.0,Zr6Al2Ni
5643,0.0,Lu2Fe2Si2C
5644,0.0,Ca2TlCd
5645,0.0,VCo
5646,0.0,CsVP2S7
5647,0.0,Li2InAg
5648,0.0,Rb2SCl6F
5649,0.0,LiNi4O8
5650,0.0,CeP2Pt4
5651,0.0,YbCdHg2
5652,0.0,MnGeRh2
5653,0.0,HgOsPb2
5654,0.0,CeSi2Pd2
5655,0.0,Sc2CuRu
5656,0.0,Sr5Cd2Sb5F
5657,0.0,Li4Fe7(OF7)2
5658,0.0,SmB2Os2
5659,0.0,Cr2P3O11
5660,0.0,Ho4C7
5661,0.0,Ce2Cu(NO)2
5662,0.0,La20Cu9O40
5663,0.0,KUCuSe3
5664,0.0,BaIn2Ir
5665,0.0,PmLi2Al
5666,0.0,Gd3Al7Ag2
5667,0.0,Li3Cr(NiO2)4
5668,0.0,InAu3
5669,0.0,Yb3Sn13Rh4
5670,0.0,CoGe
5671,0.0,ErRe2O8
5672,0.0,Gd2Zn6Ge3
5673,0.0,ErLu3
5674,0.0,SrSnP
5675,0.0,CsRbP
5676,0.0,Tb3Ni13B2
5677,0.0,Ta2MoOs
5678,0.0,Rb2Na2IrO4
5679,0.0,SrIn2Rh
5680,0.0,CeAlO3
5681,0.0,SnPt3C
5682,0.0,NdNiC2
5683,0.0,YNi2P2
5684,0.0,PmLi2Ge
5685,0.0,Zr2Ni12P7
5686,0.0,ErCr2Si2
5687,0.0,La4Co3O10
5688,0.0,Sr3ScNiO6
5689,0.0,Ni3SnN
5690,0.0,ScZnPt2
5691,0.0,Li3Mn4O8
5692,0.0,EuClO
5693,0.0,Mn2VSi
5694,0.0,Eu2TeO2
5695,0.0,Sb4Pb4S11
5696,0.0,In3Sb
5697,0.0,LiCu5P3O13
5698,0.0,Y3Fe29
5699,0.0,VIr3
5700,0.0,MgSi7Ir3
5701,0.0,CeAsSe
5702,0.0,Li4Mn5Nb3O16
5703,0.0,Cr2NiS4
5704,0.0,Ca5Sb3
5705,0.0,GaTc2W
5706,0.0,Cr2CuS4
5707,0.0,Nd3In
5708,0.0,LiMn(PO4)2
5709,0.0,CeSi2Ni
5710,0.0,VPt2
5711,0.0,LaCdAg2
5712,0.0,EuScO3
5713,0.0,GdNiO3
5714,0.0,Cu18S11
5715,0.0,Li4MgNi3O8
5716,0.0,SmAs2Au
5717,0.0,YFe2Si2
5718,0.0,Ba3YIr2O9
5719,0.0,YbCuGe
5720,0.0,YbDyPd2
5721,0.0,DyB2Rh2C
5722,0.0,Zr3Si6Cu4
5723,0.0,MnSb3(PO4)6
5724,0.0,Ca2ZnRh
5725,0.0,Gd3Co11B4
5726,0.0,SmAlCu
5727,0.0,ErSnAu
5728,0.0,Li5Fe6(BO3)6
5729,0.0,Li4Fe2Cu3O10
5730,0.0,BRh2
5731,0.0,ScBPd3
5732,0.0,CrFeP
5733,0.0,ScAg
5734,0.0,Hf5Sn3
5735,0.0,MgCr
5736,0.0,SmCu2O4
5737,0.0,Sr5Sn3
5738,0.0,Rb3Cu8S6
5739,0.0,Ca3PbN
5740,0.0,AlCu7O12
5741,0.0,Co3Se4
5742,0.0,CeMgNi4
5743,0.0,NaC
5744,0.0,LiErAu2
5745,0.0,Sc3C4
5746,0.0,TiFe2
5747,0.0,Ce2ZnNi2
5748,0.0,Li6FeNi9O20
5750,0.0,MnNiP
5751,0.0,NbSiIr
5752,0.0,NdGa2Ni
5753,0.0,TbMn5Ge3
5754,0.0,CsGdO3
5755,0.0,Ce3B2(ClO2)3
5756,0.0,ThFe2Si2
5757,0.0,KLi(WO3)3
5758,0.0,ZrInCu2
5759,0.0,GdZn
5760,0.0,Zn3Cd
5761,0.0,Dy3Ga
5762,0.0,MgCo2S4
5763,0.0,CeSiOs
5764,0.0,Li3Co3SbO8
5765,0.0,Na9W16O48
5766,0.0,Co7Mo6
5767,0.0,TcB
5768,0.0,Mg3Ni20P6
5769,0.0,Li2GaPd
5770,0.0,H2Se
5771,0.0,Li4V5Cu3O16
5772,0.0,CeMn2Ge2
5773,0.0,EuZn2Si2
5774,0.0,Sc7CI12
5775,0.0,NdTiGe
5776,0.0,V3H4O8
5777,0.0,SmNi2Sn2
5778,0.0,MgMnRh2
5779,0.0,Ca2Co9O13
5780,0.0,CaAgF5
5781,0.0,Mn3PdN
5782,0.0,Si2Pd9
5783,0.0,Pr27Se40
5784,0.0,Tb10B7C10
5785,0.0,TbRh2
5786,0.0,ThFe2SiC
5787,0.0,Ba3CaIr2O9
5788,0.0,Dy2MgIn
5789,0.0,Li2Ni3TeO8
5790,0.0,LiAgF3
5791,0.0,VTe2
5792,0.0,ErAl9(Fe2Si3)2
5793,0.0,Ti5Zn4(TeO6)3
5794,0.0,NdZn2Ag
5795,0.0,HoZnRh2
5796,0.0,BaPt5
5797,0.0,Li8PO3
5798,0.0,UGa3Ni
5799,0.0,ZrCd
5800,0.0,Pm2CuGe
5801,0.0,LiMn9Se10
5802,0.0,Pr4Sb3
5803,0.0,Pr9Sb5O5
5804,0.0,Al9Co2
5805,0.0,Ta2TlO6
5807,0.0,LiTaRh2
5808,0.0,Ca11Ga7
5809,0.0,Zn2WN2
5810,0.0,ErTlPd
5811,0.0,RbBr3
5812,0.0,LuAlAg2
5813,0.0,CsNi2F6
5814,0.0,Pm2LiIr
5815,0.0,CrCo2Bi
5816,0.0,DyNiGe2
5817,0.0,CaPb
5818,0.0,PrB2Ru2
5819,0.0,La10Mn9O30
5820,0.0,BaZn(MoO2)4
5821,0.0,BaGe3Pt
5822,0.0,CaGaAu3
5823,0.0,Er5NiPb3
5824,0.0,TaTiFe2
5825,0.0,LiCu2(CO3)2
5826,0.0,TbTe
5827,0.0,Mg32Al36Ag13
5828,0.0,SrLi2Sn
5829,0.0,CaAu5
5830,0.0,U2Cl5O2
5831,0.0,Gd3ReO7
5832,0.0,HoAlB14
5833,0.0,Nb2Cr4Si5
5834,0.0,LaNi12B6
5835,0.0,MgSbPt
5836,0.0,Li3Ti2(PO4)3
5837,0.0,Mg2Zr14O5
5838,0.0,MnGaNi2
5839,0.0,AlNi2S4
5840,0.0,SmInAu
5841,0.0,Li2FeWO6
5842,0.0,Li2Fe3CoO8
5843,0.0,Ca3Zr17O37
5844,0.0,HfAlPd2
5845,0.0,Ce3TaO7
5846,0.0,Li4Ni3BiO8
5847,0.0,KAgO
5848,0.0,Li5Mn6(BO3)6
5849,0.0,Ni4P3O12
5850,0.0,YTi4(CuO4)3
5851,0.0,Cu9S5
5852,0.0,Eu2Ge(BO4)2
5853,0.0,SrN2
5854,0.0,CrFe2Se4
5855,0.0,TiAsRh
5856,0.0,BaCaSn3
5857,0.0,CaCo2Ge2
5858,0.0,KH(CN2)3
5859,0.0,TmMnO3
5860,0.0,PrNiGe2
5861,0.0,Yb2Zn3Ge3
5862,0.0,SmPbAu
5863,0.0,K2RuCl6
5864,0.0,LuSi2Os2
5865,0.0,Yb14Ti10O41
5866,0.0,Ba2CaOsO6
5867,0.0,Cu2PHO5
5868,0.0,ZrSb
5869,0.0,LiCuO2
5870,0.0,Te4MoW3S4
5871,0.0,EuIn2As2
5872,0.0,NiAsO3
5873,0.0,LaMg3
5874,0.0,CePrO2
5875,0.0,LuU2S3O2
5876,0.0,Ti9O8
5877,0.0,LiSiPd2
5878,0.0,LuSi2Ni
5879,0.0,Zr3Al2
5880,0.0,VP4
5881,0.0,Sm2TlZn
5882,0.0,DyAgGe
5883,0.0,MgZn2
5884,0.0,GdSe2
5885,0.0,Li4NbNi3O8
5886,0.0,BiPd
5887,0.0,MnGePd
5888,0.0,ThBi2
5889,0.0,Yb2BaO4
5890,0.0,KBi2
5891,0.0,Ti10O11
5892,0.0,UCr4C4
5893,0.0,Rb6O
5894,0.0,KTi5Se8
5895,0.0,RbIn4
5896,0.0,Rb15Hg16
5897,0.0,CrFe2Sb
5898,0.0,Fe9Co7
5899,0.0,TeWCl9
5900,0.0,LuAu
5901,0.0,CeAl2Pt3
5902,0.0,Ce2S2O
5903,0.0,Yb2SmS4
5904,0.0,MnS
5905,0.0,UGa5Ir
5906,0.0,DyCd2
5907,0.0,ZrGaPt
5908,0.0,CoOF
5909,0.0,Ti2MnFe
5910,0.0,KScO3
5911,0.0,Er6MnBi2
5912,0.0,YbSnRh
5913,0.0,Ca2MnAlO5
5914,0.0,UGa2
5915,0.0,Li7Ca8Nb12O40
5916,0.0,Li4Mn5Ni3O16
5917,0.0,Rb2CrF6
5918,0.0,BaTl(MoO3)2
5919,0.0,Ta2TiN3
5920,0.0,UB4H16
5921,0.0,FeOF
5922,0.0,Al2Cu
5923,0.0,BaMn4O7
5924,0.0,Y4C7
5925,0.0,NiN
5926,0.0,Li4Mn(WO4)3
5927,0.0,Rb5W18O54
5928,0.0,Er2MnC4
5929,0.0,Mn2GeS4
5930,0.0,NdGaO3
5931,0.0,Zr2Al
5932,0.0,Ca2Sn2F3
5933,0.0,CaNi4O6
5934,0.0,Ca3Au
5935,0.0,EuCl3O12
5936,0.0,Nd2WC2
5937,0.0,Na3UF7
5938,0.0,Tb2In16Pt7
5939,0.0,HfV2Ga4
5940,0.0,TbSe2
5941,0.0,YTi2Ga4
5942,0.0,ReTe2Cl12
5943,0.0,HoGeAu
5944,0.0,Mn3SbO8
5945,0.0,La8Mn7O24
5946,0.0,VNi2
5947,0.0,Ta2PtSe7
5948,0.0,LaBiAu2
5949,0.0,BaTh3
5950,0.0,PrP
5951,0.0,Tm5Ti5O17
5952,0.0,Nd2Ni7P4
5953,0.0,LiY2Ru
5954,0.0,U2AlCo2
5955,0.0,NdIn5Rh
5956,0.0,Li3Co4TeO8
5957,0.0,Li3Mn2(PO4)3
5958,0.0,ThAsSe
5959,0.0,V3CrO10
5960,0.0,YbSmRh2
5961,0.0,RbVP2S7
5962,0.0,Yb2MgSe4
5963,0.0,NdAl7Au3
5964,0.0,Ta4AlC3
5965,0.0,Li3Cu4O4
5966,0.0,NbCl4O2
5967,0.0,TbYHg2
5968,0.0,ZrAlPt
5969,0.0,Sr10Al4Si6O
5970,0.0,Li4Mn5Cu3O16
5971,0.0,EuBi3
5972,0.0,Mn2AlB2
5973,0.0,Li4Co5SbO12
5974,0.0,BaLi4
5975,0.0,CaGe2Rh2
5976,0.0,Ti5B12O26
5977,0.0,TmCo2Si2
5978,0.0,MnSb2O6
5979,0.0,TlCu6S4
5980,0.0,Cu4As2O9
5981,0.0,CuClO2
5982,0.0,U6Co
5983,0.0,Yb4Sb3
5984,0.0,Ti5ZnO7
5985,0.0,LuScRu2
5986,0.0,TlTe
5987,0.0,NaTl
5988,0.0,Li12Fe5O16
5989,0.0,TiHgO3
5990,0.0,TlFeI3
5991,0.0,Li3Mn4(PO4)6
5992,0.0,TbCl
5993,0.0,Nd2ZnGa
5994,0.0,Sr6Nb7O21
5995,0.0,V4ZnO8
5996,0.0,Al6Tc
5997,0.0,Cs2SCl6F
5998,0.0,Ce3NbS3O4
5999,0.0,NbHO3
6000,0.0,YbTbRh2
6001,0.0,EuSeClO3
6002,0.0,EuNiGe3
6003,0.0,Eu2PBr
6004,0.0,CaCdSi
6005,0.0,InHgW2
6006,0.0,Li4Ni2(PO4)3
6007,0.0,SmHoHg2
6008,0.0,PrAl3Ni2
6009,0.0,Bi4I
6010,0.0,HPbI3
6011,0.0,Ti4NiBi2
6012,0.0,Zr2Se
6013,0.0,SnB
6014,0.0,InAg3
6015,0.0,Tm2MgRu
6016,0.0,KLu
6017,0.0,Nb6Co7
6018,0.0,Li2MgHg
6019,0.0,LiFe2(PO4)3
6020,0.0,Cu2OF2
6021,0.0,Tl2Mo7O22
6022,0.0,Li6FeO5F
6023,0.0,YSi2
6024,0.0,SmMg3
6025,0.0,HfTc
6026,0.0,Na2V6O13
6027,0.0,NdNi2Sn2
6028,0.0,Dy2CdPd2
6029,0.0,CeOs2
6030,0.0,ScRh3C
6031,0.0,Re5Ni2As12
6032,0.0,P2H4RhO9
6033,0.0,LiLu2Ga
6034,0.0,ZrTi2O
6035,0.0,MnB2W2
6036,0.0,CeCdAu2
6037,0.0,ZrAlW
6038,0.0,CaIrO3
6039,0.0,CeSi2Au2
6040,0.0,Pr4MgRu
6041,0.0,MnNbO4
6042,0.0,NaCdO3
6043,0.0,ThAl8Fe4
6044,0.0,Lu2TlAg
6045,0.0,PrSbPt
6046,0.0,Mn3Cr3(CoO8)2
6047,0.0,LiScHg2
6048,0.0,Cu3P4O14
6049,0.0,Ni2Mo4C
6050,0.0,SmNiAs
6051,0.0,Pm2NiRh
6052,0.0,Sr2YBi2O7
6053,0.0,La16Mn15O48
6054,0.0,CrCoGe
6055,0.0,NaCeS2
6056,0.0,YSiNi
6057,0.0,ZrPd2
6058,0.0,GeW6O18
6059,0.0,NdBRh3
6060,0.0,Ta4N5
6061,0.0,Li4Co3CuO8
6062,0.0,Mg5Tl2
6063,0.0,LaGa3Pd2
6064,0.0,Co7Re17O48
6065,0.0,Sm3Sc
6066,0.0,Al7C3N3
6067,0.0,NdScGe
6068,0.0,Mg3Ru2
6069,0.0,GdZnIn
6070,0.0,Mg2V9O13
6071,0.0,TiBr2
6072,0.0,CuMoO4
6073,0.0,Li4Ti5Cr3O16
6074,0.0,CaIn2Ir
6075,0.0,HfC
6076,0.0,YbSi2Rh2
6077,0.0,BaAg2
6078,0.0,Pr5Si4
6079,0.0,Zr5SiSb3
6080,0.0,CsTiF4
6081,0.0,ScCoGe2
6082,0.0,Mg3Tl
6083,0.0,ErHg2
6084,0.0,LiMnCoO4
6085,0.0,Er3Al3NiGe2
6086,0.0,HfCu2P2
6087,0.0,LiMn4O8
6088,0.0,Hg3As
6089,0.0,YbAg2
6090,0.0,ZrB2
6091,0.0,PrZn
6092,0.0,YbNdAg2
6093,0.0,YbZnPt
6094,0.0,Tm2Ga10Os3
6095,0.0,CeMn2Si2
6096,0.0,LiGaPd2
6097,0.0,YbIn4Rh
6098,0.0,YbBaSn3
6099,0.0,Re2W3C
6100,0.0,Li8IrO6
6101,0.0,TiReN3
6102,0.0,SrZr2Nb
6103,0.0,Tl9SbSe6
6104,0.0,Ti20Sb9Se3
6105,0.0,Mn5As4
6106,0.0,EuTiClO3
6107,0.0,Dy7In(CoGe3)4
6108,0.0,Te2Mo3Se4
6109,0.0,CeSiI
6110,0.0,SmSiCu
6111,0.0,K8N3O
6112,0.0,La3Re2O10
6113,0.0,Sb2I2F11
6114,0.0,Tb2Li6O7
6115,0.0,BaSn3
6116,0.0,Y3Fe62B14
6117,0.0,Eu2C(NO)2
6118,0.0,KBiO3
6119,0.0,Tb11S16
6120,0.0,HoTh3
6121,0.0,Tm4In(NiGe2)2
6122,0.0,SrIn2
6123,0.0,Ca3TlN
6124,0.0,RbBi2
6125,0.0,Mg5As
6126,0.0,ZnCo2O4
6127,0.0,Rb2Mo9Se10
6128,0.0,MgNiSb
6129,0.0,Lu2InHg
6130,0.0,Ca5Sn4S13
6131,0.0,KC60
6132,0.0,TiMn2Al
6133,0.0,SrUS2
6134,0.0,LuIr
6135,0.0,EuAlO3
6136,0.0,Sr2HoRuO6
6137,0.0,TlMo3Se3
6138,0.0,SiW3
6139,0.0,LaSn3Ru
6140,0.0,MgTi4O6
6141,0.0,LiIn2Rh
6142,0.0,TiC
6143,0.0,Er2SnAu2
6144,0.0,EuRhO3
6145,0.0,Li3Co2(GeO4)3
6146,0.0,NdCrGe3
6147,0.0,Fe6W6C
6148,0.0,SrCdSi
6149,0.0,MgPb3
6150,0.0,CuPO4F
6151,0.0,UCuP2
6152,0.0,Li2NdAs2
6153,0.0,Lu2CdIn
6154,0.0,HfInCu2
6155,0.0,Eu3BWO9
6156,0.0,Li2SnIr
6157,0.0,DyCo2Ge2
6158,0.0,PrB4
6159,0.0,AsPd3Pb2
6160,0.0,Zr3Ag
6161,0.0,ZrTe
6162,0.0,RbB5(H2O3)4
6163,0.0,Be22Re
6164,0.0,Li4Mn3Cr3O12
6165,0.0,V3SiNi2
6166,0.0,U2SnRh2
6167,0.0,Hf2Ni
6168,0.0,Mo5As4
6169,0.0,V3Re
6170,0.0,Yb2Ge2Ir
6171,0.0,TbBaMn2O6
6172,0.0,Cu2Hg2SF6
6173,0.0,UNiSn
6174,0.0,U2TeN2
6175,0.0,KCo2Se2
6176,0.0,KCoO2
6177,0.0,Na2UI6
6178,0.0,TbCo2
6179,0.0,Te4Mo(WS)2
6180,0.0,Mn2P
6181,0.0,YbMn2O5
6182,0.0,YbIr2
6183,0.0,CeH3O3
6184,0.0,PrErIn2
6185,0.0,YAl8Cu4
6186,0.0,Al2FeNi
6187,0.0,Tl3Si
6188,0.0,Na8Cu5O10
6189,0.0,Yb8Ge3Sb5
6190,0.0,K3Sn
6191,0.0,Li2V3CrO8
6192,0.0,Li3MnAs2
6193,0.0,Fe3Si
6194,0.0,Lu4C7
6195,0.0,MnSbRh2
6196,0.0,ZrInPd2
6197,0.0,Ba2BiSbO6
6198,0.0,ScTiO3
6199,0.0,ErB2Ir3
6200,0.0,Cu4H10SO12
6201,0.0,LaCdAu
6202,0.0,CuF
6203,0.0,CeMgPt
6204,0.0,PmGaAu2
6205,0.0,TmAl4Ni
6206,0.0,Li4Co2Ni3O10
6207,0.0,Zr3NiO
6208,0.0,TmU2S3O2
6209,0.0,CrH9(CN2)3
6210,0.0,Li15Fe4O16
6211,0.0,Li15Mn2O12
6212,0.0,Mo2NCl8
6213,0.0,Pd2N
6214,0.0,PrBPt4
6215,0.0,Li2TlAg
6216,0.0,Ce4Si3Rh4
6217,0.0,YSi2Rh2
6218,0.0,Ca2CuWO6
6219,0.0,Mn2Nb
6220,0.0,Ga8Cu3Mo2
6221,0.0,Ni7P8O28
6222,0.0,MgRh2Pb
6223,0.0,MgCuBi
6224,0.0,HoSi2Pd2
6225,0.0,SrSiPd
6226,0.0,Ba2CoWO6
6227,0.0,Lu3TlC
6228,0.0,LaGeI
6229,0.0,Li3CrO4
6230,0.0,LiZrRh2
6231,0.0,HoSiRu2C
6232,0.0,Li4TiCr3O8
6233,0.0,Ba2CuWO6
6234,0.0,LaRe2Ag
6235,0.0,MnFeCoGe
6236,0.0,AlNi20B14
6237,0.0,TaAs
6238,0.0,Ca2Os2O7
6239,0.0,TmMnGe
6240,0.0,LiMn2(PO4)2
6241,0.0,Mn3NbO8
6242,0.0,Ba5Bi3
6243,0.0,Ti3Be
6244,0.0,DyBPd3
6245,0.0,Tm2CdHg
6246,0.0,SnAs3
6247,0.0,ThS
6248,0.0,MgPt5
6249,0.0,SrIn2Ir
6250,0.0,V2GaSn2
6251,0.0,Li5Cr2Ni5O12
6252,0.0,Ba4Sm2Cu2O9
6253,0.0,K3V
6254,0.0,NdTlPd
6256,0.0,Ba14Pd3Ir8O33
6257,0.0,LiGaPt2
6258,0.0,Ca2Ti9O13
6259,0.0,EuSn3
6260,0.0,TlCoMo2
6261,0.0,TbNi5
6262,0.0,Bi2Pd3S2
6263,0.0,Yb2Sn
6264,0.0,EuF3
6265,0.0,Rb3Tm
6266,0.0,EuTiO3
6267,0.0,ErFeC2
6268,0.0,MnAs
6269,0.0,Li4CrO5
6270,0.0,Ho2B4C
6271,0.0,Cs2NaMgF6
6272,0.0,Ho10Si17
6273,0.0,ThCrB4
6274,0.0,TbIn2Ni
6275,0.0,Li3FeNi3O8
6276,0.0,VPO4
6277,0.0,TmH2
6278,0.0,U2Cu2As3O
6279,0.0,BaAg
6280,0.0,Y2U3O11
6281,0.0,Nd3AlC
6282,0.0,AlB2
6283,0.0,Sm2Tl
6284,0.0,Ce5Ge3
6285,0.0,Pr2InGe2
6286,0.0,LiPr2Ru
6287,0.0,NbCrN
6288,0.0,V3Ag
6289,0.0,ScBe5
6290,0.0,TbGe2Rh2
6291,0.0,HoMn12
6292,0.0,Sc3Fe2Si3
6293,0.0,MnInCu2
6294,0.0,CePd5
6295,0.0,La2PI2
6296,0.0,LuAg2
6297,0.0,AgPt3
6298,0.0,Ag2BiO3
6299,0.0,ScZnNi2
6300,0.0,TaInNi
6301,0.0,NiGe
6302,0.0,YbGa2Pd
6303,0.0,Eu3Sn
6304,0.0,HoZnRh
6305,0.0,La2Ge5Rh3
6306,0.0,YbMgPd
6307,0.0,LaGa
6308,0.0,ScCdHg2
6309,0.0,Ta5N6
6310,0.0,Li2Lu3Ge3
6311,0.0,U3Cu2Se7
6312,0.0,TmMgCd2
6313,0.0,YbLiPb
6314,0.0,Yb2KF7
6315,0.0,Li2V2F7
6316,0.0,Li3Mn(CuO3)2
6317,0.0,MgRhF6
6318,0.0,YbAl4Mo2
6319,0.0,K2NbO6
6320,0.0,Cu11Sb4S13
6321,0.0,Dy2Ge3Pt9
6322,0.0,Li2V3FeO8
6323,0.0,HoTlPd
6324,0.0,CeAl3Ni2
6325,0.0,MnSiNi2
6326,0.0,LiGeRh2
6327,0.0,Li2MnNi3O8
6328,0.0,K3Fe2S4
6329,0.0,Mn2OF3
6330,0.0,GdSb
6331,0.0,Gd3S4
6332,0.0,In3Bi7(Pb2S9)2
6333,0.0,LiInAg2
6334,0.0,Lu2FeS4
6335,0.0,Li2PrIn
6336,0.0,KAg2
6337,0.0,CuIr2S4
6338,0.0,BaAs2Rh2
6339,0.0,EuCaO2
6340,0.0,NdAs2Pd2
6341,0.0,Bi2P3O12
6342,0.0,SrCe2Se4
6343,0.0,TlZn2Tc
6344,0.0,Sc14Cu14O37
6345,0.0,Co2Ge
6346,0.0,Li3Fe(SbO3)4
6347,0.0,ZrIr2
6348,0.0,ScCoO3
6349,0.0,Tm2MgTl
6350,0.0,Nb5Ga4
6351,0.0,Tb2Sb5
6352,0.0,Lu2AlTc
6353,0.0,CeZnPO
Ag2.7Ba6Sn4.3S16,1.48,
Ag2GeSe3,0.9,
Ag2GeTe3,0.16,
Ag2O,1.53,
Ag2S,1.03,
Ag2SnS3,1.35,
Ag2SnSe3,0.78,
Ag3AsS3,2.07,
Ag3AsSe3,2.09,
Ag3SbS3,2.05,
AgAlTe2,1.85,
AgAsS2,2.2,
AgFeTe2,0.37,
AgGaS2,2.66,
AgGaSe2,1.67,
AgI,2.93,
AgInS2,1.93,
AgInSe2,1.18,
AgInTe2,0.94,
AgN3,3.67,
AgS,1.14,
AgSbS2,1.92,
AgSbSe2,0.69,
AgSbTe2,0.48,
AgTe,0.79,
Al2Se3,3.12,
Al2Te3,2.35,
AlB12,2.14,
AlN,6.1,
AlP,2.8,
AlSb,1.65,
As2S3,2.42,
As2Se3,1.79,
As2Te3,1.67,
AsI3,2.43,
B2O3,4.89,
BAs,1.46,
BaB2O4,6.44,
BaF2,9.14,
BaGa2GeS6,3.24,
BaGa2GeSe6,2.52,
BaGa2SnSe6,1.78,
BaS,3.89,
BaSe,3.63,
BaTiO3,3.06,
Bi12SiO20,3.22,
Bi2O3,2.86,
Bi2S3,1.32,
Bi2Se3,0.38,
Bi2Te2.1Se0.9,0.3,
Bi2Te2.4Se0.6,0.26,
Bi2Te2.7Se0.3,0.2,
Bi2Te2.97Se0.03,0.16,
BiI3,1.93,
BiOI,2.0,
BiSBr,1.9,
BiSCl,1.91,
BiSI,1.59,
BiSeBr,1.67,
BiSeI,1.3,
Ca3B2N4,4.0,
CaF2,9.96,
CaO,7.0,
CaS,5.59,
CaSe,4.94,
CaTe,4.19,
Cd3As2,0.27,
Cd3P2,0.56,
Cd4As2Br3,1.86,
Cd4As2I3,2.09,
Cd4P2Cl3,2.2,
CdAs2,1.07,
CdCl2,5.75,
CdGa2S4,3.42,
CdGa2Se4,2.38,
CdGeAs2,0.66,
CdGeP2,1.73,
CdIn2S4,2.36,
CdIn2Se4,1.61,
CdIn2Te4,1.18,
CdP2,2.1,
CdP4,1.0,
CdS,2.54,
CdSb,0.5,
CdSe,1.86,
CdSiAs2,1.52,
CdSiP2,2.15,
CdSnAs2,0.36,
CdSnP2,1.31,
CdTe,1.55,
CdTeO3,3.73,
Ce2Te3,1.31,
CoSb2,0.18,
CoSb3,0.5,
CoSbS,0.3,
Cr2S3,1.0,
CrSb2,0.15,
Cs3Bi,0.62,
Cs3Bi2I9,1.85,
Cs4Cu3Bi9S17,0.75,
CsAsSe2,1.93,
CsBiS2,1.42,
CsBr,6.99,
CsCaBO3,4.07,
CsCl,7.95,
CsErZnSe3,2.6,
CsI,6.36,
CsInGeS4,2.25,
CsLaHgSe3,2.48,
CsLuCoS3,1.34,
CsSb,0.7,
CsSmCdSe3,2.46,
CsSmZnSe3,2.53,
CsYCdSe3,2.56,
CsYZnSe3,2.35,
CsYbMnSe3,1.6,
CsYbZnSe3,2.04,
Cu0.05Ga1.95S2.95,2.67,
Cu0.1Ga1.9S2.9,2.62,
Cu0.2Ga1.8S2.8,2.68,
Cu0.35Ga1.65S2.65,2.55,
Cu0.3Ga1.7S2.7,2.58,
Cu0.4Ga1.6S2.6,2.48,
Cu0.5Ga1.5S2.5,2.45,
Cu2CdSnS4,1.38,
Cu2Ga4Te7,1.13,
Cu2GeSe3,0.98,
Cu2O,2.61,
Cu2Se,1.28,
Cu2SnSe3,0.76,
Cu2Ta4O11,2.65,
Cu2Te,1.07,
Cu2ZnSiS4,3.15,
Cu3AsS4,1.36,
Cu3AsSe4,0.76,
Cu3SbS4,0.85,
Cu3SbSe4,0.36,
CuAlSe2,2.6,
CuBr,3.0,
CuCl,3.26,
CuFeS2,0.49,
CuFeSe2,0.16,
CuGa3Se5,1.82,
CuGaS2,2.44,
CuGaSe2,1.61,
CuGaTe2,1.09,
CuI,3.03,
CuIn3Te5,1.1,
CuInS2,1.54,
CuInSe2,0.95,
CuInTe2,0.92,
CuP2,1.45,
CuSbS2,1.39,
Dy2S3,2.96,
DyN,2.35,
Er2Mo3O12,1.0,
ErN,2.7,
EuO,1.12,
EuS,1.66,
EuTe,2.01,
EuVO4,3.35,
Fe2Te3,0.47,
FeAsS,0.23,
FeSi2,0.92,
Ga2GeTe3,0.84,
Ga2O3,4.47,
Ga2S3,2.83,
Ga2Se3,2.07,
Ga2Te3,1.4,
Ga2Te3O9,4.14,
GaAs,1.48,
GaN,3.44,
GaP,2.76,
GaS,2.59,
GaSb,0.78,
GaSe,2.08,
GaTe,1.67,
Gd2Mo3O12,4.12,
GeAs,1.37,
GeAs2,1.05,
GeO2,5.58,
GeS,1.69,
GeS2,3.57,
GeSe,1.18,
GeSe2,2.38,
GeSe2O6,5.29,
H6PtI6O20,2.26,
HfS3,2.92,
Hg0.01Zn0.99Te,2.24,
Hg0.06Zn0.94Te,2.08,
Hg0.14Zn0.86Te,1.69,
Hg0.1Zn0.9Te,1.78,
Hg0.25Zn0.75Te,1.31,
Hg0.2Zn0.8Te,1.43,
Hg0.77Cd0.23Te,0.16,
Hg0.7Cd0.3Te,0.31,
Hg0.8Cd0.2Se,1.12,
Hg0.8Zn0.2Te,0.08,
Hg0.9Cd0.1Se,1.37,
Hg2Cl2,3.38,
Hg6.5As4CdCl6,1.96,
Hg6As4CdBr6,1.92,
HgGa2S4,2.82,
HgIn2Te4,1.09,
HgO,2.34,
HgSe,0.24,
HgTe,0.17,
Ho2Mo3O12,1.38,
HoN,1.86,
In0.5Al0.5P,2.35,
In2GeTe3,0.69,
In2Se,0.72,
In2Se3,1.2,
In4Se3,0.64,
In4Te3,0.51,
In6S7,0.85,
In6Se7,0.64,
InAs,0.4,
InN,2.13,
InP,1.37,
InP2S4,2.58,
InS,2.01,
InSb,0.22,
InSe,1.25,
IrP2,1.05,
IrSe2,0.95,
K10Co4Sn4S17,1.56,
K10Zn4Sn4S17,3.15,
K2Bi8Se13,0.53,
K2CsSb,1.1,
K2Hg3Ge2S8,2.67,
K2Hg3Sn2S8,2.45,
K2ZnSn3S8,2.33,
K4Nb2S11,2.24,
K8Zr6Se30,1.86,
KAsSe2,1.62,
KBiS2,0.89,
KBiSe2,0.66,
KCu2SbS3,1.62,
KH2PO4,6.98,
KH3Se2O6,4.94,
KI,6.13,
KIO3,3.86,
KSb5S8,1.74,
KSbS2,1.69,
KSbSe2,1.47,
KTiPO5,3.67,
La2MnNiO6,1.3,
La2MoO5,0.74,
La2Se3,1.77,
LaCuOS,3.12,
Li0.2Na0.8AsSe2,1.64,
LiAlB14,1.94,
LiAsSe2,1.24,
LiB3O5,7.84,
LiBiS2,0.16,
LiBr,7.72,
LiGaS2,3.84,
LiGaSe2,3.35,
LiI,5.84,
LiIO3,4.19,
LiInS2,3.57,
LiNbO3,4.07,
LiZnN,1.94,
Mg2Pb,0.1,
Mg2Sn,0.27,
Mg3As2,2.45,
Mg3Sb2,0.81,
MgGeN2,4.3,
MgO,7.74,
MgSe,5.74,
Mn11Si19,0.74,
Mn15Si26,0.7,
MnI2,4.22,
MnTe,1.3,
MoO3,3.66,
MoTe2,1.13,
NH6PO4,6.8,
Na2CdGe2S6,2.89,
Na2Ga2SnS6,2.24,
Na2KSb,1.05,
Na2TeSe3,1.91,
Na2ZnGe2S6,3.14,
Na3Sb,1.09,
NaAsS2,2.28,
NaAsSe2,1.6,
NaBiS2,0.41,
NaBiSe2,0.32,
NaBr,7.26,
NaCl,8.5,
NaI,6.07,
NaNO2,3.06,
NaNbSe2O7,3.72,
NaSbP2S6,2.21,
NaSbS2,1.64,
NaSbSe2,1.39,
Nd2Se3,1.72,
NiP2,0.51,
OsAs2,0.91,
OsP2,1.16,
OsP4,0.5,
OsSb2,0.24,
Pb0.01Sn0.99Te,0.28,
Pb0.85Sn0.15Se,0.14,
Pb0.85Sn0.15Te,0.15,
Pb0.8Sn0.2Se,0.07,
Pb0.8Sn0.2Te,0.1,
Pb0.92Sn0.08Te,0.15,
Pb0.94Se0.94Sn0.06Se0.06,0.2,
Pb0.94Sn0.06Se,0.18,
Pb0.95Se0.95Sn0.05Se0.05,0.2,
Pb0.97Se0.97Sn0.03Se0.03,0.25,
Pb0.97Sn0.03Te,0.26,
Pb0.999Se0.999Sn0.001Se0.001,0.28,
Pb0.999Sn0.001Te,0.24,
Pb0.99Sn0.01Se,0.2,
Pb0.9Sn0.1Se,0.12,
PbBiO2Br,2.38,
PbBr2,3.31,
PbCdP4O12,4.86,
PbCl2,3.95,
PbI2,2.54,
PbN6,3.0,
PbO2,1.61,
PbS,0.36,
PbSe,0.24,
PbSnS3,0.98,
PbTe,0.28,
PdPS,1.39,
Pr2S3,2.64,
Pr2Se3,1.85,
Pr2Te3,1.32,
PrF3,5.6,
PrTe2,1.16,
PtAs2,0.62,
PtP2,0.7,
PtS,0.61,
PtSb2,0.12,
Rb3Bi2I9,2.0,
RbBi3Se5,0.57,
RbBiS2,1.27,
RbBiSe2,0.85,
RbBr,7.45,
RbCl,8.28,
RbI,6.18,
RbSbS2,2.06,
ReS2,1.14,
ReSe2,1.07,
ReSi2,0.15,
Ru2Ge3,0.43,
Ru2Si3,0.57,
RuP2,0.9,
RuP4,0.51,
Sb2O3,3.26,
Sb2S3,1.71,
Sb2Se3,1.16,
Sb2Te3,0.26,
SbI3,2.35,
SbSBr,2.2,
SbSI,1.92,
SbSeBr,1.86,
SbSeI,1.72,
SbTeI,1.27,
Sc2O3,6.1,
Si2Te3,2.09,
SiAs,1.5,
SiSe2,1.73,
SiTe2,2.02,
Sm2S3,2.98,
SmTe,0.38,
Sn2BiS2I3,1.06,
Sn2S,0.9,
SnBr2,3.45,
SnGe,0.6,
SnS,1.2,
SnS0.01Se0.99,0.92,
SnS0.25Se0.75,0.96,
SnS0.4Se0.6,1.0,
SnS0.8Se0.2,1.05,
SnS0.99Se0.01,1.1,
SnSe,0.99,
SnTe,0.33,
SrO,5.74,
SrS,4.78,
SrTe,3.75,
SrTiO3,3.41,
SrZrS3,0.9,
TaGaS2,2.74,
TaGaSe2,2.06,
TaON,2.6,
Tb2Mo3O12,1.5,
TeSe3,1.64,
ThO2,3.4,
Tl2GeTe3,0.36,
Tl2Te3,0.52,
Tl2TeI6,1.48,
Tl3TaS4,2.44,
Tl3VS4,1.81,
TlAsS2,2.18,
TlAsSe2,1.38,
TlBr,2.99,
TlCl,3.42,
TlInS2,2.32,
TlInSe2,1.21,
TlInTe2,0.67,
TlPS2,1.65,
TlPSe2,0.55,
TlS,1.37,
TlSbS2,1.69,
TlSe,0.76,
V2O5,2.39,
VO2,0.47,
WO3,2.8,
WSe2,1.46,
YNiSb,0.24,
YbS,1.14,
Zn0.01Cd0.99Se,2.45,
Zn0.15Cd0.85Se,2.55,
Zn0.43Cd0.57Se,2.85,
Zn0.4Hg0.6Se,0.46,
Zn0.55S0.55Ga0.45P0.45,2.35,
Zn0.5Cd0.5Se,2.95,
Zn0.5Hg0.5Se,0.68,
Zn0.75Cd0.25Se,3.25,
Zn0.7S0.7Ga0.3P0.3,2.45,
Zn0.85S0.85Ga0.15P0.15,2.65,
Zn0.95S0.95Ga0.05P0.05,2.85,
Zn0.99Cd0.01Se,3.65,
Zn2In2S5,2.7,
Zn3As2,0.95,
Zn3In2S6,2.92,
Zn3P2,1.17,
Zn3Sb2,0.18,
Zn4Sb3,1.1,
ZnAs2,1.03,
ZnGeAs2,1.1,
ZnGeN2,3.05,
ZnGeP2,2.16,
ZnIn2S4,2.75,
ZnIn2Se4,1.96,
ZnIn2Te4,1.87,
ZnO,3.4,
ZnS,3.7,
ZnSb,1.08,
ZnSe,2.77,
ZnSnAs2,0.7,
ZnSnP2,1.63,
ZnSnSb2,0.35,
ZnTe,2.29,
ZrS3,2.22,
ZrSe3,1.45,
